game_date,away_team,home_team,start_time,is_complete
2023-10-24,Los Angeles Lakers,Denver Nuggets,7:30p,TRUE
2023-10-24,Phoenix Suns,Golden State Warriors,10:00p,TRUE
2023-10-25,Houston Rockets,Orlando Magic,7:00p,TRUE
2023-10-25,Boston Celtics,New York Knicks,7:00p,TRUE
2023-10-25,Washington Wizards,Indiana Pacers,7:00p,TRUE
2023-10-25,Atlanta Hawks,Charlotte Hornets,7:00p,TRUE
2023-10-25,Detroit Pistons,Miami Heat,7:30p,TRUE
2023-10-25,Minnesota Timberwolves,Toronto Raptors,7:30p,TRUE
2023-10-25,Cleveland Cavaliers,Brooklyn Nets,7:30p,TRUE
2023-10-25,New Orleans Pelicans,Memphis Grizzlies,8:00p,TRUE
2023-10-25,Oklahoma City Thunder,Chicago Bulls,8:00p,TRUE
2023-10-25,Sacramento Kings,Utah Jazz,9:00p,TRUE
2023-10-25,Dallas Mavericks,San Antonio Spurs,9:30p,TRUE
2023-10-25,Portland Trail Blazers,Los Angeles Clippers,10:30p,TRUE
2023-10-26,Philadelphia 76ers,Milwaukee Bucks,7:30p,TRUE
2023-10-26,Phoenix Suns,Los Angeles Lakers,10:00p,TRUE
2023-10-27,Denver Nuggets,Memphis Grizzlies,7:00p,TRUE
2023-10-27,Detroit Pistons,Charlotte Hornets,7:00p,TRUE
2023-10-27,New York Knicks,Atlanta Hawks,7:30p,TRUE
2023-10-27,Oklahoma City Thunder,Cleveland Cavaliers,7:30p,TRUE
2023-10-27,Miami Heat,Boston Celtics,7:30p,TRUE
2023-10-27,Toronto Raptors,Chicago Bulls,8:00p,TRUE
2023-10-27,Houston Rockets,San Antonio Spurs,8:00p,TRUE
2023-10-27,Brooklyn Nets,Dallas Mavericks,8:30p,TRUE
2023-10-27,Los Angeles Clippers,Utah Jazz,9:30p,TRUE
2023-10-27,Orlando Magic,Portland Trail Blazers,10:00p,TRUE
2023-10-27,Golden State Warriors,Sacramento Kings,10:00p,TRUE
2023-10-28,Chicago Bulls,Detroit Pistons,7:00p,TRUE
2023-10-28,Memphis Grizzlies,Washington Wizards,7:00p,TRUE
2023-10-28,New York Knicks,New Orleans Pelicans,7:00p,TRUE
2023-10-28,Indiana Pacers,Cleveland Cavaliers,7:30p,TRUE
2023-10-28,Philadelphia 76ers,Toronto Raptors,7:30p,TRUE
2023-10-28,Miami Heat,Minnesota Timberwolves,8:00p,TRUE
2023-10-28,Utah Jazz,Phoenix Suns,10:00p,TRUE
2023-10-29,Denver Nuggets,Oklahoma City Thunder,3:30p,TRUE
2023-10-29,Golden State Warriors,Houston Rockets,7:00p,TRUE
2023-10-29,Atlanta Hawks,Milwaukee Bucks,7:00p,TRUE
2023-10-29,Portland Trail Blazers,Philadelphia 76ers,7:30p,TRUE
2023-10-29,San Antonio Spurs,Los Angeles Clippers,9:00p,TRUE
2023-10-29,Los Angeles Lakers,Sacramento Kings,9:00p,TRUE
2023-10-30,Chicago Bulls,Indiana Pacers,7:00p,TRUE
2023-10-30,Boston Celtics,Washington Wizards,7:00p,TRUE
2023-10-30,Brooklyn Nets,Charlotte Hornets,7:00p,TRUE
2023-10-30,Portland Trail Blazers,Toronto Raptors,7:30p,TRUE
2023-10-30,Minnesota Timberwolves,Atlanta Hawks,7:30p,TRUE
2023-10-30,Dallas Mavericks,Memphis Grizzlies,8:00p,TRUE
2023-10-30,Miami Heat,Milwaukee Bucks,8:00p,TRUE
2023-10-30,Golden State Warriors,New Orleans Pelicans,8:00p,TRUE
2023-10-30,Detroit Pistons,Oklahoma City Thunder,8:00p,TRUE
2023-10-30,Utah Jazz,Denver Nuggets,9:00p,TRUE
2023-10-30,Orlando Magic,Los Angeles Lakers,10:30p,TRUE
2023-10-31,New York Knicks,Cleveland Cavaliers,7:30p,TRUE
2023-10-31,San Antonio Spurs,Phoenix Suns,10:00p,TRUE
2023-10-31,Orlando Magic,Los Angeles Clippers,10:30p,TRUE
2023-11-01,Portland Trail Blazers,Detroit Pistons,7:00p,TRUE
2023-11-01,Milwaukee Bucks,Toronto Raptors,7:00p,TRUE
2023-11-01,Washington Wizards,Atlanta Hawks,7:30p,TRUE
2023-11-01,Indiana Pacers,Boston Celtics,7:30p,TRUE
2023-11-01,Brooklyn Nets,Miami Heat,7:30p,TRUE
2023-11-01,Cleveland Cavaliers,New York Knicks,7:30p,TRUE
2023-11-01,New Orleans Pelicans,Oklahoma City Thunder,7:30p,TRUE
2023-11-01,Charlotte Hornets,Houston Rockets,8:00p,TRUE
2023-11-01,Denver Nuggets,Minnesota Timberwolves,8:00p,TRUE
2023-11-01,Chicago Bulls,Dallas Mavericks,8:30p,TRUE
2023-11-01,Memphis Grizzlies,Utah Jazz,9:00p,TRUE
2023-11-01,Sacramento Kings,Golden State Warriors,10:00p,TRUE
2023-11-01,Los Angeles Clippers,Los Angeles Lakers,10:00p,TRUE
2023-11-02,Toronto Raptors,Philadelphia 76ers,7:00p,TRUE
2023-11-02,Detroit Pistons,New Orleans Pelicans,8:00p,TRUE
2023-11-02,Orlando Magic,Utah Jazz,9:00p,TRUE
2023-11-02,San Antonio Spurs,Phoenix Suns,10:00p,TRUE
2023-11-03,Cleveland Cavaliers,Indiana Pacers,7:00p,TRUE
2023-11-03,New York Knicks,Milwaukee Bucks,7:30p,TRUE
2023-11-03,Brooklyn Nets,Chicago Bulls,8:00p,TRUE
2023-11-03,Washington Wizards,Miami Heat,8:00p,TRUE
2023-11-03,Golden State Warriors,Oklahoma City Thunder,8:00p,TRUE
2023-11-03,Dallas Mavericks,Denver Nuggets,10:00p,TRUE
2023-11-03,Memphis Grizzlies,Portland Trail Blazers,10:00p,TRUE
2023-11-04,Phoenix Suns,Philadelphia 76ers,1:00p,TRUE
2023-11-04,Charlotte Hornets,Indiana Pacers,7:00p,TRUE
2023-11-04,Atlanta Hawks,New Orleans Pelicans,7:00p,TRUE
2023-11-04,Los Angeles Lakers,Orlando Magic,7:00p,TRUE
2023-11-04,Boston Celtics,Brooklyn Nets,8:00p,TRUE
2023-11-04,Sacramento Kings,Houston Rockets,8:00p,TRUE
2023-11-04,Utah Jazz,Minnesota Timberwolves,8:00p,TRUE
2023-11-04,Chicago Bulls,Denver Nuggets,9:00p,TRUE
2023-11-05,Phoenix Suns,Detroit Pistons,3:00p,TRUE
2023-11-05,Toronto Raptors,San Antonio Spurs,3:30p,TRUE
2023-11-05,Golden State Warriors,Cleveland Cavaliers,6:00p,TRUE
2023-11-05,Charlotte Hornets,Dallas Mavericks,7:30p,TRUE
2023-11-05,Memphis Grizzlies,Portland Trail Blazers,9:00p,TRUE
2023-11-06,Golden State Warriors,Detroit Pistons,7:00p,TRUE
2023-11-06,San Antonio Spurs,Indiana Pacers,7:00p,TRUE
2023-11-06,Dallas Mavericks,Orlando Magic,7:00p,TRUE
2023-11-06,Washington Wizards,Philadelphia 76ers,7:00p,TRUE
2023-11-06,Milwaukee Bucks,Brooklyn Nets,7:30p,TRUE
2023-11-06,Los Angeles Lakers,Miami Heat,7:30p,TRUE
2023-11-06,Los Angeles Clippers,New York Knicks,7:30p,TRUE
2023-11-06,Utah Jazz,Chicago Bulls,8:00p,TRUE
2023-11-06,Sacramento Kings,Houston Rockets,8:00p,TRUE
2023-11-06,Boston Celtics,Minnesota Timberwolves,8:00p,TRUE
2023-11-06,Atlanta Hawks,Oklahoma City Thunder,8:00p,TRUE
2023-11-06,New Orleans Pelicans,Denver Nuggets,9:00p,TRUE
2023-11-08,Washington Wizards,Charlotte Hornets,7:00p,TRUE
2023-11-08,Utah Jazz,Indiana Pacers,7:00p,TRUE
2023-11-08,Boston Celtics,Philadelphia 76ers,7:00p,TRUE
2023-11-08,Los Angeles Clippers,Brooklyn Nets,7:30p,TRUE
2023-11-08,San Antonio Spurs,New York Knicks,7:30p,TRUE
2023-11-08,Phoenix Suns,Chicago Bulls,8:00p,TRUE
2023-11-08,Los Angeles Lakers,Houston Rockets,8:00p,TRUE
2023-11-08,Miami Heat,Memphis Grizzlies,8:00p,TRUE
2023-11-08,Detroit Pistons,Milwaukee Bucks,8:00p,TRUE
2023-11-08,New Orleans Pelicans,Minnesota Timberwolves,8:00p,TRUE
2023-11-08,Cleveland Cavaliers,Oklahoma City Thunder,8:00p,TRUE
2023-11-08,Toronto Raptors,Dallas Mavericks,8:30p,TRUE
2023-11-08,Golden State Warriors,Denver Nuggets,10:00p,TRUE
2023-11-08,Portland Trail Blazers,Sacramento Kings,10:00p,TRUE
2023-11-09,Milwaukee Bucks,Indiana Pacers,7:00p,TRUE
2023-11-09,Atlanta Hawks,Orlando Magic,9:30p,TRUE
2023-11-10,Philadelphia 76ers,Detroit Pistons,7:00p,TRUE
2023-11-10,Charlotte Hornets,Washington Wizards,7:00p,TRUE
2023-11-10,Brooklyn Nets,Boston Celtics,7:30p,TRUE
2023-11-10,New Orleans Pelicans,Houston Rockets,8:00p,TRUE
2023-11-10,Utah Jazz,Memphis Grizzlies,8:00p,TRUE
2023-11-10,Minnesota Timberwolves,San Antonio Spurs,8:00p,TRUE
2023-11-10,Los Angeles Clippers,Dallas Mavericks,8:30p,TRUE
2023-11-10,Los Angeles Lakers,Phoenix Suns,10:00p,TRUE
2023-11-10,Oklahoma City Thunder,Sacramento Kings,10:00p,TRUE
2023-11-11,Milwaukee Bucks,Orlando Magic,6:00p,TRUE
2023-11-11,Toronto Raptors,Boston Celtics,7:00p,TRUE
2023-11-11,Miami Heat,Atlanta Hawks,7:30p,TRUE
2023-11-11,Cleveland Cavaliers,Golden State Warriors,8:30p,TRUE
2023-11-12,Charlotte Hornets,New York Knicks,12:00p,TRUE
2023-11-12,Washington Wizards,Brooklyn Nets,3:00p,TRUE
2023-11-12,Memphis Grizzlies,Los Angeles Clippers,3:30p,TRUE
2023-11-12,Indiana Pacers,Philadelphia 76ers,6:00p,TRUE
2023-11-12,Detroit Pistons,Chicago Bulls,7:00p,TRUE
2023-11-12,Denver Nuggets,Houston Rockets,7:00p,TRUE
2023-11-12,Dallas Mavericks,New Orleans Pelicans,7:00p,TRUE
2023-11-12,Miami Heat,San Antonio Spurs,7:00p,TRUE
2023-11-12,Oklahoma City Thunder,Phoenix Suns,8:00p,TRUE
2023-11-12,Minnesota Timberwolves,Golden State Warriors,8:30p,TRUE
2023-11-12,Portland Trail Blazers,Los Angeles Lakers,10:00p,TRUE
2023-11-13,New York Knicks,Boston Celtics,7:30p,TRUE
2023-11-13,Washington Wizards,Toronto Raptors,7:30p,TRUE
2023-11-13,Chicago Bulls,Milwaukee Bucks,8:00p,TRUE
2023-11-13,Cleveland Cavaliers,Sacramento Kings,10:00p,TRUE
2023-11-14,Miami Heat,Charlotte Hornets,7:00p,TRUE
2023-11-14,Atlanta Hawks,Detroit Pistons,7:00p,TRUE
2023-11-14,Indiana Pacers,Philadelphia 76ers,7:00p,TRUE
2023-11-14,Orlando Magic,Brooklyn Nets,7:30p,TRUE
2023-11-14,San Antonio Spurs,Oklahoma City Thunder,7:30p,TRUE
2023-11-14,Dallas Mavericks,New Orleans Pelicans,8:00p,TRUE
2023-11-14,Portland Trail Blazers,Utah Jazz,9:00p,TRUE
2023-11-14,Los Angeles Clippers,Denver Nuggets,10:00p,TRUE
2023-11-14,Minnesota Timberwolves,Golden State Warriors,10:00p,TRUE
2023-11-14,Memphis Grizzlies,Los Angeles Lakers,10:30p,TRUE
2023-11-15,Dallas Mavericks,Washington Wizards,7:00p,TRUE
2023-11-15,New York Knicks,Atlanta Hawks,7:30p,TRUE
2023-11-15,Boston Celtics,Philadelphia 76ers,7:30p,TRUE
2023-11-15,Milwaukee Bucks,Toronto Raptors,7:30p,TRUE
2023-11-15,Orlando Magic,Chicago Bulls,8:00p,TRUE
2023-11-15,Minnesota Timberwolves,Phoenix Suns,9:00p,TRUE
2023-11-15,Sacramento Kings,Los Angeles Lakers,10:00p,TRUE
2023-11-15,Cleveland Cavaliers,Portland Trail Blazers,10:00p,TRUE
2023-11-16,Brooklyn Nets,Miami Heat,7:30p,TRUE
2023-11-16,Oklahoma City Thunder,Golden State Warriors,10:00p,TRUE
2023-11-17,Milwaukee Bucks,Charlotte Hornets,7:00p,TRUE
2023-11-17,New York Knicks,Washington Wizards,7:00p,TRUE
2023-11-17,Philadelphia 76ers,Atlanta Hawks,7:30p,TRUE
2023-11-17,Detroit Pistons,Cleveland Cavaliers,7:30p,TRUE
2023-11-17,Sacramento Kings,San Antonio Spurs,7:30p,TRUE
2023-11-17,Boston Celtics,Toronto Raptors,7:30p,TRUE
2023-11-17,Orlando Magic,Chicago Bulls,8:00p,TRUE
2023-11-17,Denver Nuggets,New Orleans Pelicans,8:00p,TRUE
2023-11-17,Los Angeles Lakers,Portland Trail Blazers,10:00p,TRUE
2023-11-17,Phoenix Suns,Utah Jazz,10:00p,TRUE
2023-11-17,Houston Rockets,Los Angeles Clippers,10:30p,TRUE
2023-11-18,New York Knicks,Charlotte Hornets,6:00p,TRUE
2023-11-18,Minnesota Timberwolves,New Orleans Pelicans,7:00p,TRUE
2023-11-18,Miami Heat,Chicago Bulls,8:00p,TRUE
2023-11-18,Dallas Mavericks,Milwaukee Bucks,8:00p,TRUE
2023-11-18,Memphis Grizzlies,San Antonio Spurs,8:00p,TRUE
2023-11-18,Oklahoma City Thunder,Golden State Warriors,8:30p,TRUE
2023-11-19,Philadelphia 76ers,Brooklyn Nets,3:00p,TRUE
2023-11-19,Detroit Pistons,Toronto Raptors,4:00p,TRUE
2023-11-19,Orlando Magic,Indiana Pacers,5:00p,TRUE
2023-11-19,Denver Nuggets,Cleveland Cavaliers,6:00p,TRUE
2023-11-19,Sacramento Kings,Dallas Mavericks,7:30p,TRUE
2023-11-19,Boston Celtics,Memphis Grizzlies,8:00p,TRUE
2023-11-19,Phoenix Suns,Utah Jazz,8:00p,TRUE
2023-11-19,Oklahoma City Thunder,Portland Trail Blazers,9:00p,TRUE
2023-11-19,Houston Rockets,Los Angeles Lakers,9:30p,TRUE
2023-11-20,Boston Celtics,Charlotte Hornets,7:00p,TRUE
2023-11-20,Denver Nuggets,Detroit Pistons,7:00p,TRUE
2023-11-20,Milwaukee Bucks,Washington Wizards,7:00p,TRUE
2023-11-20,Miami Heat,Chicago Bulls,8:00p,TRUE
2023-11-20,New York Knicks,Minnesota Timberwolves,8:00p,TRUE
2023-11-20,Sacramento Kings,New Orleans Pelicans,8:00p,TRUE
2023-11-20,Los Angeles Clippers,San Antonio Spurs,8:00p,TRUE
2023-11-20,Houston Rockets,Golden State Warriors,10:00p,TRUE
2023-11-21,Toronto Raptors,Orlando Magic,7:00p,TRUE
2023-11-21,Indiana Pacers,Atlanta Hawks,7:30p,TRUE
2023-11-21,Cleveland Cavaliers,Philadelphia 76ers,7:30p,TRUE
2023-11-21,Portland Trail Blazers,Phoenix Suns,9:00p,TRUE
2023-11-21,Utah Jazz,Los Angeles Lakers,10:00p,TRUE
2023-11-22,Washington Wizards,Charlotte Hornets,7:00p,TRUE
2023-11-22,Denver Nuggets,Orlando Magic,7:00p,TRUE
2023-11-22,Brooklyn Nets,Atlanta Hawks,7:30p,TRUE
2023-11-22,Milwaukee Bucks,Boston Celtics,7:30p,TRUE
2023-11-22,Miami Heat,Cleveland Cavaliers,7:30p,TRUE
2023-11-22,Toronto Raptors,Indiana Pacers,7:30p,TRUE
2023-11-22,Memphis Grizzlies,Houston Rockets,8:00p,TRUE
2023-11-22,Philadelphia 76ers,Minnesota Timberwolves,8:00p,TRUE
2023-11-22,Sacramento Kings,New Orleans Pelicans,8:00p,TRUE
2023-11-22,Chicago Bulls,Oklahoma City Thunder,8:00p,TRUE
2023-11-22,Los Angeles Clippers,San Antonio Spurs,8:00p,TRUE
2023-11-22,Golden State Warriors,Phoenix Suns,10:00p,TRUE
2023-11-22,Utah Jazz,Portland Trail Blazers,10:00p,TRUE
2023-11-22,Dallas Mavericks,Los Angeles Lakers,10:30p,TRUE
2023-11-24,Boston Celtics,Orlando Magic,2:30p,TRUE
2023-11-24,Phoenix Suns,Memphis Grizzlies,5:00p,TRUE
2023-11-24,Miami Heat,New York Knicks,7:30p,TRUE
2023-11-24,Chicago Bulls,Toronto Raptors,7:30p,TRUE
2023-11-24,Denver Nuggets,Houston Rockets,8:00p,TRUE
2023-11-24,Detroit Pistons,Indiana Pacers,8:00p,TRUE
2023-11-24,Washington Wizards,Milwaukee Bucks,8:00p,TRUE
2023-11-24,Sacramento Kings,Minnesota Timberwolves,8:00p,TRUE
2023-11-24,San Antonio Spurs,Golden State Warriors,10:00p,TRUE
2023-11-24,New Orleans Pelicans,Los Angeles Clippers,10:30p,TRUE
2023-11-25,Philadelphia 76ers,Oklahoma City Thunder,5:00p,TRUE
2023-11-25,Miami Heat,Brooklyn Nets,6:00p,TRUE
2023-11-25,Atlanta Hawks,Washington Wizards,7:00p,TRUE
2023-11-25,Los Angeles Lakers,Cleveland Cavaliers,7:30p,TRUE
2023-11-25,New Orleans Pelicans,Utah Jazz,9:30p,TRUE
2023-11-25,Dallas Mavericks,Los Angeles Clippers,10:30p,TRUE
2023-11-26,Portland Trail Blazers,Milwaukee Bucks,3:30p,TRUE
2023-11-26,Atlanta Hawks,Boston Celtics,6:00p,TRUE
2023-11-26,Minnesota Timberwolves,Memphis Grizzlies,6:00p,TRUE
2023-11-26,Phoenix Suns,New York Knicks,6:00p,TRUE
2023-11-26,Charlotte Hornets,Orlando Magic,6:00p,TRUE
2023-11-26,Chicago Bulls,Brooklyn Nets,7:30p,TRUE
2023-11-26,Toronto Raptors,Cleveland Cavaliers,7:30p,TRUE
2023-11-26,San Antonio Spurs,Denver Nuggets,8:00p,TRUE
2023-11-27,Washington Wizards,Detroit Pistons,7:00p,TRUE
2023-11-27,Portland Trail Blazers,Indiana Pacers,7:00p,TRUE
2023-11-27,Los Angeles Lakers,Philadelphia 76ers,7:00p,TRUE
2023-11-27,New Orleans Pelicans,Utah Jazz,9:00p,TRUE
2023-11-27,Denver Nuggets,Los Angeles Clippers,10:30p,TRUE
2023-11-28,Chicago Bulls,Boston Celtics,7:30p,TRUE
2023-11-28,Toronto Raptors,Brooklyn Nets,7:30p,TRUE
2023-11-28,Atlanta Hawks,Cleveland Cavaliers,7:30p,TRUE
2023-11-28,Milwaukee Bucks,Miami Heat,7:30p,TRUE
2023-11-28,Charlotte Hornets,New York Knicks,7:30p,TRUE
2023-11-28,Oklahoma City Thunder,Minnesota Timberwolves,8:00p,TRUE
2023-11-28,Houston Rockets,Dallas Mavericks,8:30p,TRUE
2023-11-28,Golden State Warriors,Sacramento Kings,10:00p,TRUE
2023-11-29,Los Angeles Lakers,Detroit Pistons,7:00p,TRUE
2023-11-29,Washington Wizards,Orlando Magic,7:00p,TRUE
2023-11-29,Phoenix Suns,Toronto Raptors,7:30p,TRUE
2023-11-29,Utah Jazz,Memphis Grizzlies,8:00p,TRUE
2023-11-29,Philadelphia 76ers,New Orleans Pelicans,8:00p,TRUE
2023-11-29,Houston Rockets,Denver Nuggets,9:00p,TRUE
2023-11-29,Los Angeles Clippers,Sacramento Kings,10:00p,TRUE
2023-11-30,Portland Trail Blazers,Cleveland Cavaliers,7:00p,TRUE
2023-11-30,Charlotte Hornets,Brooklyn Nets,7:30p,TRUE
2023-11-30,Indiana Pacers,Miami Heat,7:30p,TRUE
2023-11-30,Detroit Pistons,New York Knicks,7:30p,TRUE
2023-11-30,Milwaukee Bucks,Chicago Bulls,8:00p,TRUE
2023-11-30,Utah Jazz,Minnesota Timberwolves,8:00p,TRUE
2023-11-30,Los Angeles Lakers,Oklahoma City Thunder,8:00p,TRUE
2023-11-30,Atlanta Hawks,San Antonio Spurs,8:00p,TRUE
2023-11-30,Los Angeles Clippers,Golden State Warriors,10:00p,TRUE
2023-12-01,Washington Wizards,Orlando Magic,7:00p,TRUE
2023-12-01,Philadelphia 76ers,Boston Celtics,7:30p,TRUE
2023-12-01,Memphis Grizzlies,Dallas Mavericks,7:30p,TRUE
2023-12-01,New York Knicks,Toronto Raptors,7:30p,TRUE
2023-12-01,San Antonio Spurs,New Orleans Pelicans,8:00p,TRUE
2023-12-01,Denver Nuggets,Phoenix Suns,10:00p,TRUE
2023-12-02,Golden State Warriors,Los Angeles Clippers,4:00p,TRUE
2023-12-02,Minnesota Timberwolves,Charlotte Hornets,5:00p,TRUE
2023-12-02,Orlando Magic,Brooklyn Nets,7:00p,TRUE
2023-12-02,Cleveland Cavaliers,Detroit Pistons,7:00p,TRUE
2023-12-02,New Orleans Pelicans,Chicago Bulls,8:00p,TRUE
2023-12-02,Indiana Pacers,Miami Heat,8:00p,TRUE
2023-12-02,Atlanta Hawks,Milwaukee Bucks,8:00p,TRUE
2023-12-02,Oklahoma City Thunder,Dallas Mavericks,9:00p,TRUE
2023-12-02,Memphis Grizzlies,Phoenix Suns,9:00p,TRUE
2023-12-02,Portland Trail Blazers,Utah Jazz,9:30p,TRUE
2023-12-02,Denver Nuggets,Sacramento Kings,10:00p,TRUE
2023-12-02,Houston Rockets,Los Angeles Lakers,10:30p,TRUE
2023-12-04,Boston Celtics,Indiana Pacers,7:30p,TRUE
2023-12-04,New Orleans Pelicans,Sacramento Kings,10:00p,TRUE
2023-12-05,New York Knicks,Milwaukee Bucks,7:30p,FALSE
2023-12-05,Phoenix Suns,Los Angeles Lakers,10:00p,FALSE
2023-12-06,Orlando Magic,Cleveland Cavaliers,7:00p,FALSE
2023-12-06,Memphis Grizzlies,Detroit Pistons,7:00p,FALSE
2023-12-06,Philadelphia 76ers,Washington Wizards,7:00p,FALSE
2023-12-06,Brooklyn Nets,Atlanta Hawks,7:30p,FALSE
2023-12-06,San Antonio Spurs,Minnesota Timberwolves,7:30p,FALSE
2023-12-06,Miami Heat,Toronto Raptors,7:30p,FALSE
2023-12-06,Charlotte Hornets,Chicago Bulls,8:00p,FALSE
2023-12-06,Oklahoma City Thunder,Houston Rockets,8:00p,FALSE
2023-12-06,Utah Jazz,Dallas Mavericks,8:30p,FALSE
2023-12-06,Portland Trail Blazers,Golden State Warriors,10:00p,FALSE
2023-12-06,Denver Nuggets,Los Angeles Clippers,10:00p,FALSE
2023-12-08,Toronto Raptors,Charlotte Hornets,7:00p,FALSE
2023-12-08,Detroit Pistons,Orlando Magic,7:00p,FALSE
2023-12-08,Atlanta Hawks,Philadelphia 76ers,7:00p,FALSE
2023-12-08,Washington Wizards,Brooklyn Nets,7:30p,FALSE
2023-12-08,Minnesota Timberwolves,Memphis Grizzlies,8:00p,FALSE
2023-12-08,Cleveland Cavaliers,Miami Heat,8:00p,FALSE
2023-12-08,Golden State Warriors,Oklahoma City Thunder,8:00p,FALSE
2023-12-08,Chicago Bulls,San Antonio Spurs,8:30p,FALSE
2023-12-08,Houston Rockets,Denver Nuggets,9:00p,FALSE
2023-12-08,Dallas Mavericks,Portland Trail Blazers,10:00p,FALSE
2023-12-08,Los Angeles Clippers,Utah Jazz,10:00p,FALSE
2023-12-11,Miami Heat,Charlotte Hornets,7:00p,FALSE
2023-12-11,Indiana Pacers,Detroit Pistons,7:00p,FALSE
2023-12-11,Cleveland Cavaliers,Orlando Magic,7:00p,FALSE
2023-12-11,Washington Wizards,Philadelphia 76ers,7:00p,FALSE
2023-12-11,Denver Nuggets,Atlanta Hawks,7:30p,FALSE
2023-12-11,Toronto Raptors,New York Knicks,7:30p,FALSE
2023-12-11,San Antonio Spurs,Houston Rockets,8:00p,FALSE
2023-12-11,Dallas Mavericks,Memphis Grizzlies,8:00p,FALSE
2023-12-11,Chicago Bulls,Milwaukee Bucks,8:00p,FALSE
2023-12-11,Minnesota Timberwolves,New Orleans Pelicans,8:00p,FALSE
2023-12-11,Utah Jazz,Oklahoma City Thunder,8:00p,FALSE
2023-12-11,Brooklyn Nets,Sacramento Kings,10:00p,FALSE
2023-12-11,Portland Trail Blazers,Los Angeles Clippers,10:30p,FALSE
2023-12-12,Cleveland Cavaliers,Boston Celtics,7:30p,FALSE
2023-12-12,Los Angeles Lakers,Dallas Mavericks,7:30p,FALSE
2023-12-12,Denver Nuggets,Chicago Bulls,8:00p,FALSE
2023-12-12,Golden State Warriors,Phoenix Suns,10:00p,FALSE
2023-12-12,Sacramento Kings,Los Angeles Clippers,10:30p,FALSE
2023-12-13,Philadelphia 76ers,Detroit Pistons,7:00p,FALSE
2023-12-13,New Orleans Pelicans,Washington Wizards,7:00p,FALSE
2023-12-13,Charlotte Hornets,Miami Heat,7:30p,FALSE
2023-12-13,Atlanta Hawks,Toronto Raptors,7:30p,FALSE
2023-12-13,Memphis Grizzlies,Houston Rockets,8:00p,FALSE
2023-12-13,Indiana Pacers,Milwaukee Bucks,8:00p,FALSE
2023-12-13,Los Angeles Lakers,San Antonio Spurs,8:00p,FALSE
2023-12-13,Brooklyn Nets,Phoenix Suns,9:00p,FALSE
2023-12-13,New York Knicks,Utah Jazz,9:00p,FALSE
2023-12-14,Cleveland Cavaliers,Boston Celtics,7:30p,FALSE
2023-12-14,Chicago Bulls,Miami Heat,7:30p,FALSE
2023-12-14,Minnesota Timberwolves,Dallas Mavericks,8:30p,FALSE
2023-12-14,Brooklyn Nets,Denver Nuggets,9:00p,FALSE
2023-12-14,Utah Jazz,Portland Trail Blazers,10:00p,FALSE
2023-12-14,Oklahoma City Thunder,Sacramento Kings,10:00p,FALSE
2023-12-14,Golden State Warriors,Los Angeles Clippers,10:30p,FALSE
2023-12-15,New Orleans Pelicans,Charlotte Hornets,7:00p,FALSE
2023-12-15,Detroit Pistons,Philadelphia 76ers,7:00p,FALSE
2023-12-15,Indiana Pacers,Washington Wizards,7:00p,FALSE
2023-12-15,Orlando Magic,Boston Celtics,7:30p,FALSE
2023-12-15,Los Angeles Lakers,San Antonio Spurs,7:30p,FALSE
2023-12-15,Atlanta Hawks,Toronto Raptors,7:30p,FALSE
2023-12-15,Houston Rockets,Memphis Grizzlies,8:00p,FALSE
2023-12-15,New York Knicks,Phoenix Suns,10:00p,FALSE
2023-12-16,Detroit Pistons,Milwaukee Bucks,6:00p,FALSE
2023-12-16,Philadelphia 76ers,Charlotte Hornets,7:00p,FALSE
2023-12-16,Atlanta Hawks,Cleveland Cavaliers,7:30p,FALSE
2023-12-16,Chicago Bulls,Miami Heat,8:00p,FALSE
2023-12-16,Indiana Pacers,Minnesota Timberwolves,8:00p,FALSE
2023-12-16,Brooklyn Nets,Golden State Warriors,8:30p,FALSE
2023-12-16,Oklahoma City Thunder,Denver Nuggets,9:00p,FALSE
2023-12-16,Dallas Mavericks,Portland Trail Blazers,9:00p,FALSE
2023-12-16,Utah Jazz,Sacramento Kings,10:00p,FALSE
2023-12-16,New York Knicks,Los Angeles Clippers,10:30p,FALSE
2023-12-17,Orlando Magic,Boston Celtics,3:00p,FALSE
2023-12-17,New Orleans Pelicans,San Antonio Spurs,3:30p,FALSE
2023-12-17,Houston Rockets,Milwaukee Bucks,7:00p,FALSE
2023-12-17,Washington Wizards,Phoenix Suns,8:00p,FALSE
2023-12-17,Golden State Warriors,Portland Trail Blazers,9:00p,FALSE
2023-12-18,Houston Rockets,Cleveland Cavaliers,7:00p,FALSE
2023-12-18,Los Angeles Clippers,Indiana Pacers,7:00p,FALSE
2023-12-18,Chicago Bulls,Philadelphia 76ers,7:00p,FALSE
2023-12-18,Detroit Pistons,Atlanta Hawks,7:30p,FALSE
2023-12-18,Minnesota Timberwolves,Miami Heat,7:30p,FALSE
2023-12-18,Charlotte Hornets,Toronto Raptors,7:30p,FALSE
2023-12-18,Memphis Grizzlies,Oklahoma City Thunder,8:00p,FALSE
2023-12-18,Dallas Mavericks,Denver Nuggets,9:00p,FALSE
2023-12-18,Brooklyn Nets,Utah Jazz,9:00p,FALSE
2023-12-18,Washington Wizards,Sacramento Kings,10:00p,FALSE
2023-12-18,New York Knicks,Los Angeles Lakers,10:30p,FALSE
2023-12-19,Memphis Grizzlies,New Orleans Pelicans,7:30p,FALSE
2023-12-19,San Antonio Spurs,Milwaukee Bucks,8:00p,FALSE
2023-12-19,Boston Celtics,Golden State Warriors,10:00p,FALSE
2023-12-19,Phoenix Suns,Portland Trail Blazers,10:00p,FALSE
2023-12-20,Utah Jazz,Cleveland Cavaliers,7:00p,FALSE
2023-12-20,Charlotte Hornets,Indiana Pacers,7:00p,FALSE
2023-12-20,Miami Heat,Orlando Magic,7:00p,FALSE
2023-12-20,Minnesota Timberwolves,Philadelphia 76ers,7:00p,FALSE
2023-12-20,New York Knicks,Brooklyn Nets,7:30p,FALSE
2023-12-20,Denver Nuggets,Toronto Raptors,7:30p,FALSE
2023-12-20,Los Angeles Lakers,Chicago Bulls,8:00p,FALSE
2023-12-20,Atlanta Hawks,Houston Rockets,8:00p,FALSE
2023-12-20,Los Angeles Clippers,Dallas Mavericks,8:30p,FALSE
2023-12-20,Boston Celtics,Sacramento Kings,10:00p,FALSE
2023-12-21,Utah Jazz,Detroit Pistons,7:00p,FALSE
2023-12-21,New Orleans Pelicans,Cleveland Cavaliers,7:30p,FALSE
2023-12-21,San Antonio Spurs,Chicago Bulls,8:00p,FALSE
2023-12-21,Indiana Pacers,Memphis Grizzlies,8:00p,FALSE
2023-12-21,Orlando Magic,Milwaukee Bucks,8:00p,FALSE
2023-12-21,Los Angeles Clippers,Oklahoma City Thunder,8:00p,FALSE
2023-12-21,Los Angeles Lakers,Minnesota Timberwolves,9:00p,FALSE
2023-12-21,Washington Wizards,Portland Trail Blazers,10:00p,FALSE
2023-12-22,Toronto Raptors,Philadelphia 76ers,7:00p,FALSE
2023-12-22,Denver Nuggets,Brooklyn Nets,7:30p,FALSE
2023-12-22,Dallas Mavericks,Houston Rockets,8:00p,FALSE
2023-12-22,Atlanta Hawks,Miami Heat,8:00p,FALSE
2023-12-22,Washington Wizards,Golden State Warriors,10:00p,FALSE
2023-12-22,Phoenix Suns,Sacramento Kings,10:00p,FALSE
2023-12-23,Milwaukee Bucks,New York Knicks,12:30p,FALSE
2023-12-23,Boston Celtics,Los Angeles Clippers,3:30p,FALSE
2023-12-23,Denver Nuggets,Charlotte Hornets,7:00p,FALSE
2023-12-23,Orlando Magic,Indiana Pacers,7:00p,FALSE
2023-12-23,Houston Rockets,New Orleans Pelicans,7:00p,FALSE
2023-12-23,Memphis Grizzlies,Atlanta Hawks,7:30p,FALSE
2023-12-23,Detroit Pistons,Brooklyn Nets,7:30p,FALSE
2023-12-23,Utah Jazz,Toronto Raptors,7:30p,FALSE
2023-12-23,Cleveland Cavaliers,Chicago Bulls,8:00p,FALSE
2023-12-23,Los Angeles Lakers,Oklahoma City Thunder,8:00p,FALSE
2023-12-23,San Antonio Spurs,Dallas Mavericks,8:30p,FALSE
2023-12-23,Portland Trail Blazers,Golden State Warriors,8:30p,FALSE
2023-12-23,Minnesota Timberwolves,Sacramento Kings,10:00p,FALSE
2023-12-25,Milwaukee Bucks,New York Knicks,12:00p,FALSE
2023-12-25,Golden State Warriors,Denver Nuggets,2:30p,FALSE
2023-12-25,Boston Celtics,Los Angeles Lakers,5:00p,FALSE
2023-12-25,Philadelphia 76ers,Miami Heat,8:00p,FALSE
2023-12-25,Dallas Mavericks,Phoenix Suns,10:30p,FALSE
2023-12-26,Brooklyn Nets,Detroit Pistons,7:00p,FALSE
2023-12-26,Orlando Magic,Washington Wizards,7:00p,FALSE
2023-12-26,Atlanta Hawks,Chicago Bulls,8:00p,FALSE
2023-12-26,Indiana Pacers,Houston Rockets,8:00p,FALSE
2023-12-26,Memphis Grizzlies,New Orleans Pelicans,8:00p,FALSE
2023-12-26,Minnesota Timberwolves,Oklahoma City Thunder,8:00p,FALSE
2023-12-26,Utah Jazz,San Antonio Spurs,8:00p,FALSE
2023-12-26,Sacramento Kings,Portland Trail Blazers,10:00p,FALSE
2023-12-26,Charlotte Hornets,Los Angeles Clippers,10:30p,FALSE
2023-12-27,Philadelphia 76ers,Orlando Magic,7:00p,FALSE
2023-12-27,Toronto Raptors,Washington Wizards,7:00p,FALSE
2023-12-27,Milwaukee Bucks,Brooklyn Nets,7:30p,FALSE
2023-12-27,Phoenix Suns,Houston Rockets,8:00p,FALSE
2023-12-27,New York Knicks,Oklahoma City Thunder,8:00p,FALSE
2023-12-27,Cleveland Cavaliers,Dallas Mavericks,8:30p,FALSE
2023-12-28,Detroit Pistons,Boston Celtics,7:30p,FALSE
2023-12-28,Indiana Pacers,Chicago Bulls,8:00p,FALSE
2023-12-28,Dallas Mavericks,Minnesota Timberwolves,8:00p,FALSE
2023-12-28,Utah Jazz,New Orleans Pelicans,8:00p,FALSE
2023-12-28,Memphis Grizzlies,Denver Nuggets,9:00p,FALSE
2023-12-28,Miami Heat,Golden State Warriors,10:00p,FALSE
2023-12-28,San Antonio Spurs,Portland Trail Blazers,10:00p,FALSE
2023-12-28,Charlotte Hornets,Los Angeles Lakers,10:30p,FALSE
2023-12-29,New York Knicks,Orlando Magic,7:00p,FALSE
2023-12-29,Brooklyn Nets,Washington Wizards,7:00p,FALSE
2023-12-29,Sacramento Kings,Atlanta Hawks,7:30p,FALSE
2023-12-29,Toronto Raptors,Boston Celtics,7:30p,FALSE
2023-12-29,Milwaukee Bucks,Cleveland Cavaliers,7:30p,FALSE
2023-12-29,Philadelphia 76ers,Houston Rockets,8:00p,FALSE
2023-12-29,Oklahoma City Thunder,Denver Nuggets,9:00p,FALSE
2023-12-29,Charlotte Hornets,Phoenix Suns,9:00p,FALSE
2023-12-29,San Antonio Spurs,Portland Trail Blazers,10:00p,FALSE
2023-12-29,Memphis Grizzlies,Los Angeles Clippers,10:30p,FALSE
2023-12-30,Miami Heat,Utah Jazz,5:00p,FALSE
2023-12-30,Toronto Raptors,Detroit Pistons,6:00p,FALSE
2023-12-30,New York Knicks,Indiana Pacers,7:00p,FALSE
2023-12-30,Philadelphia 76ers,Chicago Bulls,8:00p,FALSE
2023-12-30,Los Angeles Lakers,Minnesota Timberwolves,8:00p,FALSE
2023-12-30,Dallas Mavericks,Golden State Warriors,8:30p,FALSE
2023-12-31,Atlanta Hawks,Washington Wizards,3:00p,FALSE
2023-12-31,Los Angeles Lakers,New Orleans Pelicans,7:00p,FALSE
2023-12-31,Brooklyn Nets,Oklahoma City Thunder,7:00p,FALSE
2023-12-31,Boston Celtics,San Antonio Spurs,7:00p,FALSE
2023-12-31,Sacramento Kings,Memphis Grizzlies,8:00p,FALSE
2023-12-31,Orlando Magic,Phoenix Suns,8:00p,FALSE
2024-01-01,Minnesota Timberwolves,New York Knicks,3:00p,FALSE
2024-01-01,Cleveland Cavaliers,Toronto Raptors,7:30p,FALSE
2024-01-01,Detroit Pistons,Houston Rockets,8:00p,FALSE
2024-01-01,Indiana Pacers,Milwaukee Bucks,8:00p,FALSE
2024-01-01,Charlotte Hornets,Denver Nuggets,9:00p,FALSE
2024-01-01,Portland Trail Blazers,Phoenix Suns,9:00p,FALSE
2024-01-01,Dallas Mavericks,Utah Jazz,9:00p,FALSE
2024-01-01,Miami Heat,Los Angeles Clippers,10:30p,FALSE
2024-01-02,Chicago Bulls,Philadelphia 76ers,7:00p,FALSE
2024-01-02,San Antonio Spurs,Memphis Grizzlies,8:00p,FALSE
2024-01-02,Brooklyn Nets,New Orleans Pelicans,8:00p,FALSE
2024-01-02,Boston Celtics,Oklahoma City Thunder,8:00p,FALSE
2024-01-02,Orlando Magic,Golden State Warriors,10:00p,FALSE
2024-01-02,Charlotte Hornets,Sacramento Kings,10:00p,FALSE
2024-01-03,Washington Wizards,Cleveland Cavaliers,7:00p,FALSE
2024-01-03,Milwaukee Bucks,Indiana Pacers,7:00p,FALSE
2024-01-03,Oklahoma City Thunder,Atlanta Hawks,7:30p,FALSE
2024-01-03,Brooklyn Nets,Houston Rockets,8:00p,FALSE
2024-01-03,Toronto Raptors,Memphis Grizzlies,8:00p,FALSE
2024-01-03,New Orleans Pelicans,Minnesota Timberwolves,8:00p,FALSE
2024-01-03,Portland Trail Blazers,Dallas Mavericks,8:30p,FALSE
2024-01-03,Chicago Bulls,New York Knicks,8:30p,FALSE
2024-01-03,Los Angeles Clippers,Phoenix Suns,9:00p,FALSE
2024-01-03,Detroit Pistons,Utah Jazz,9:00p,FALSE
2024-01-03,Miami Heat,Los Angeles Lakers,10:00p,FALSE
2024-01-03,Orlando Magic,Sacramento Kings,10:00p,FALSE
2024-01-04,Milwaukee Bucks,San Antonio Spurs,7:30p,FALSE
2024-01-04,Denver Nuggets,Golden State Warriors,10:00p,FALSE
2024-01-05,Utah Jazz,Boston Celtics,7:00p,FALSE
2024-01-05,Atlanta Hawks,Indiana Pacers,7:00p,FALSE
2024-01-05,Oklahoma City Thunder,Brooklyn Nets,7:30p,FALSE
2024-01-05,Washington Wizards,Cleveland Cavaliers,7:30p,FALSE
2024-01-05,New York Knicks,Philadelphia 76ers,7:30p,FALSE
2024-01-05,Charlotte Hornets,Chicago Bulls,8:00p,FALSE
2024-01-05,Minnesota Timberwolves,Houston Rockets,8:00p,FALSE
2024-01-05,Los Angeles Clippers,New Orleans Pelicans,8:00p,FALSE
2024-01-05,Portland Trail Blazers,Dallas Mavericks,8:30p,FALSE
2024-01-05,Orlando Magic,Denver Nuggets,9:00p,FALSE
2024-01-05,Miami Heat,Phoenix Suns,9:00p,FALSE
2024-01-05,Detroit Pistons,Golden State Warriors,10:00p,FALSE
2024-01-05,Memphis Grizzlies,Los Angeles Lakers,10:00p,FALSE
2024-01-05,Toronto Raptors,Sacramento Kings,10:00p,FALSE
2024-01-06,Boston Celtics,Indiana Pacers,7:00p,FALSE
2024-01-06,New York Knicks,Washington Wizards,7:00p,FALSE
2024-01-06,Utah Jazz,Philadelphia 76ers,7:30p,FALSE
2024-01-06,Milwaukee Bucks,Houston Rockets,8:00p,FALSE
2024-01-07,San Antonio Spurs,Cleveland Cavaliers,1:00p,FALSE
2024-01-07,Portland Trail Blazers,Brooklyn Nets,3:00p,FALSE
2024-01-07,Atlanta Hawks,Orlando Magic,6:00p,FALSE
2024-01-07,New Orleans Pelicans,Sacramento Kings,6:00p,FALSE
2024-01-07,Minnesota Timberwolves,Dallas Mavericks,7:30p,FALSE
2024-01-07,Detroit Pistons,Denver Nuggets,8:00p,FALSE
2024-01-07,Memphis Grizzlies,Phoenix Suns,8:00p,FALSE
2024-01-07,Toronto Raptors,Golden State Warriors,8:30p,FALSE
2024-01-07,Los Angeles Clippers,Los Angeles Lakers,9:30p,FALSE
2024-01-08,Chicago Bulls,Charlotte Hornets,7:00p,FALSE
2024-01-08,Boston Celtics,Indiana Pacers,7:00p,FALSE
2024-01-08,Oklahoma City Thunder,Washington Wizards,7:00p,FALSE
2024-01-08,Houston Rockets,Miami Heat,7:30p,FALSE
2024-01-08,Utah Jazz,Milwaukee Bucks,8:00p,FALSE
2024-01-08,Phoenix Suns,Los Angeles Clippers,10:30p,FALSE
2024-01-09,Sacramento Kings,Detroit Pistons,7:00p,FALSE
2024-01-09,Minnesota Timberwolves,Orlando Magic,7:00p,FALSE
2024-01-09,Portland Trail Blazers,New York Knicks,7:30p,FALSE
2024-01-09,Memphis Grizzlies,Dallas Mavericks,8:30p,FALSE
2024-01-09,Toronto Raptors,Los Angeles Lakers,10:30p,FALSE
2024-01-10,Minnesota Timberwolves,Boston Celtics,7:00p,FALSE
2024-01-10,Sacramento Kings,Charlotte Hornets,7:00p,FALSE
2024-01-10,San Antonio Spurs,Detroit Pistons,7:00p,FALSE
2024-01-10,Washington Wizards,Indiana Pacers,7:00p,FALSE
2024-01-10,Philadelphia 76ers,Atlanta Hawks,7:30p,FALSE
2024-01-10,Oklahoma City Thunder,Miami Heat,7:30p,FALSE
2024-01-10,Houston Rockets,Chicago Bulls,8:00p,FALSE
2024-01-10,New Orleans Pelicans,Golden State Warriors,8:30p,FALSE
2024-01-10,Denver Nuggets,Utah Jazz,10:00p,FALSE
2024-01-10,Toronto Raptors,Los Angeles Clippers,10:30p,FALSE
2024-01-11,Brooklyn Nets,Cleveland Cavaliers,2:00p,FALSE
2024-01-11,Boston Celtics,Milwaukee Bucks,7:30p,FALSE
2024-01-11,Portland Trail Blazers,Oklahoma City Thunder,8:00p,FALSE
2024-01-11,New York Knicks,Dallas Mavericks,8:30p,FALSE
2024-01-11,Phoenix Suns,Los Angeles Lakers,10:00p,FALSE
2024-01-12,Sacramento Kings,Philadelphia 76ers,7:00p,FALSE
2024-01-12,Indiana Pacers,Atlanta Hawks,7:30p,FALSE
2024-01-12,Houston Rockets,Detroit Pistons,7:30p,FALSE
2024-01-12,Golden State Warriors,Chicago Bulls,8:00p,FALSE
2024-01-12,Los Angeles Clippers,Memphis Grizzlies,8:00p,FALSE
2024-01-12,Orlando Magic,Miami Heat,8:00p,FALSE
2024-01-12,Portland Trail Blazers,Minnesota Timberwolves,8:00p,FALSE
2024-01-12,New Orleans Pelicans,Denver Nuggets,9:00p,FALSE
2024-01-12,Toronto Raptors,Utah Jazz,9:30p,FALSE
2024-01-12,Charlotte Hornets,San Antonio Spurs,10:00p,FALSE
2024-01-13,Houston Rockets,Boston Celtics,7:00p,FALSE
2024-01-13,Washington Wizards,Atlanta Hawks,7:30p,FALSE
2024-01-13,New York Knicks,Memphis Grizzlies,8:00p,FALSE
2024-01-13,Golden State Warriors,Milwaukee Bucks,8:00p,FALSE
2024-01-13,Orlando Magic,Oklahoma City Thunder,8:00p,FALSE
2024-01-13,New Orleans Pelicans,Dallas Mavericks,8:30p,FALSE
2024-01-13,Chicago Bulls,San Antonio Spurs,8:30p,FALSE
2024-01-13,Los Angeles Lakers,Utah Jazz,9:30p,FALSE
2024-01-14,Indiana Pacers,Denver Nuggets,3:30p,FALSE
2024-01-14,Charlotte Hornets,Miami Heat,6:00p,FALSE
2024-01-14,Sacramento Kings,Milwaukee Bucks,7:00p,FALSE
2024-01-14,Los Angeles Clippers,Minnesota Timberwolves,7:00p,FALSE
2024-01-14,Phoenix Suns,Portland Trail Blazers,9:00p,FALSE
2024-01-15,Houston Rockets,Philadelphia 76ers,1:00p,FALSE
2024-01-15,New Orleans Pelicans,Dallas Mavericks,2:30p,FALSE
2024-01-15,Orlando Magic,New York Knicks,3:00p,FALSE
2024-01-15,Detroit Pistons,Washington Wizards,3:00p,FALSE
2024-01-15,San Antonio Spurs,Atlanta Hawks,3:30p,FALSE
2024-01-15,Golden State Warriors,Memphis Grizzlies,6:00p,FALSE
2024-01-15,Chicago Bulls,Cleveland Cavaliers,7:00p,FALSE
2024-01-15,Miami Heat,Brooklyn Nets,7:30p,FALSE
2024-01-15,Boston Celtics,Toronto Raptors,7:30p,FALSE
2024-01-15,Indiana Pacers,Utah Jazz,9:00p,FALSE
2024-01-15,Oklahoma City Thunder,Los Angeles Lakers,10:30p,FALSE
2024-01-16,Denver Nuggets,Philadelphia 76ers,7:30p,FALSE
2024-01-16,Sacramento Kings,Phoenix Suns,9:00p,FALSE
2024-01-16,Oklahoma City Thunder,Los Angeles Clippers,10:00p,FALSE
2024-01-17,Minnesota Timberwolves,Detroit Pistons,7:00p,FALSE
2024-01-17,Orlando Magic,Atlanta Hawks,7:30p,FALSE
2024-01-17,San Antonio Spurs,Boston Celtics,7:30p,FALSE
2024-01-17,Milwaukee Bucks,Cleveland Cavaliers,7:30p,FALSE
2024-01-17,Houston Rockets,New York Knicks,7:30p,FALSE
2024-01-17,Miami Heat,Toronto Raptors,7:30p,FALSE
2024-01-17,Charlotte Hornets,New Orleans Pelicans,8:00p,FALSE
2024-01-17,Dallas Mavericks,Los Angeles Lakers,8:30p,FALSE
2024-01-17,Golden State Warriors,Utah Jazz,9:00p,FALSE
2024-01-17,Brooklyn Nets,Portland Trail Blazers,10:00p,FALSE
2024-01-18,Washington Wizards,New York Knicks,7:30p,FALSE
2024-01-18,Chicago Bulls,Toronto Raptors,7:30p,FALSE
2024-01-18,Oklahoma City Thunder,Utah Jazz,9:00p,FALSE
2024-01-18,Memphis Grizzlies,Minnesota Timberwolves,10:00p,FALSE
2024-01-18,Indiana Pacers,Sacramento Kings,10:00p,FALSE
2024-01-19,San Antonio Spurs,Charlotte Hornets,7:00p,FALSE
2024-01-19,Philadelphia 76ers,Orlando Magic,7:00p,FALSE
2024-01-19,Denver Nuggets,Boston Celtics,7:30p,FALSE
2024-01-19,Atlanta Hawks,Miami Heat,8:00p,FALSE
2024-01-19,Phoenix Suns,New Orleans Pelicans,8:00p,FALSE
2024-01-19,Dallas Mavericks,Golden State Warriors,10:00p,FALSE
2024-01-19,Indiana Pacers,Portland Trail Blazers,10:00p,FALSE
2024-01-19,Brooklyn Nets,Los Angeles Lakers,10:30p,FALSE
2024-01-20,Milwaukee Bucks,Detroit Pistons,3:00p,FALSE
2024-01-20,Philadelphia 76ers,Charlotte Hornets,7:00p,FALSE
2024-01-20,San Antonio Spurs,Washington Wizards,7:00p,FALSE
2024-01-20,Cleveland Cavaliers,Atlanta Hawks,7:30p,FALSE
2024-01-20,Toronto Raptors,New York Knicks,7:30p,FALSE
2024-01-20,Memphis Grizzlies,Chicago Bulls,8:00p,FALSE
2024-01-20,Utah Jazz,Houston Rockets,8:00p,FALSE
2024-01-20,Oklahoma City Thunder,Minnesota Timberwolves,8:00p,FALSE
2024-01-21,Brooklyn Nets,Los Angeles Clippers,3:30p,FALSE
2024-01-21,Miami Heat,Orlando Magic,6:00p,FALSE
2024-01-21,Denver Nuggets,Washington Wizards,6:00p,FALSE
2024-01-21,Boston Celtics,Houston Rockets,7:00p,FALSE
2024-01-21,Indiana Pacers,Phoenix Suns,8:00p,FALSE
2024-01-21,Portland Trail Blazers,Los Angeles Lakers,10:00p,FALSE
2024-01-22,Milwaukee Bucks,Detroit Pistons,7:00p,FALSE
2024-01-22,Cleveland Cavaliers,Orlando Magic,7:00p,FALSE
2024-01-22,San Antonio Spurs,Philadelphia 76ers,7:00p,FALSE
2024-01-22,Memphis Grizzlies,Toronto Raptors,7:30p,FALSE
2024-01-22,Charlotte Hornets,Minnesota Timberwolves,8:00p,FALSE
2024-01-22,Boston Celtics,Dallas Mavericks,8:30p,FALSE
2024-01-22,Chicago Bulls,Phoenix Suns,9:00p,FALSE
2024-01-22,Atlanta Hawks,Sacramento Kings,10:00p,FALSE
2024-01-23,Denver Nuggets,Indiana Pacers,7:00p,FALSE
2024-01-23,New York Knicks,Brooklyn Nets,7:30p,FALSE
2024-01-23,Utah Jazz,New Orleans Pelicans,8:00p,FALSE
2024-01-23,Portland Trail Blazers,Oklahoma City Thunder,8:00p,FALSE
2024-01-23,Los Angeles Lakers,Los Angeles Clippers,10:00p,FALSE
2024-01-24,Charlotte Hornets,Detroit Pistons,7:00p,FALSE
2024-01-24,Minnesota Timberwolves,Washington Wizards,7:00p,FALSE
2024-01-24,Memphis Grizzlies,Miami Heat,7:30p,FALSE
2024-01-24,Portland Trail Blazers,Houston Rockets,8:00p,FALSE
2024-01-24,Cleveland Cavaliers,Milwaukee Bucks,8:00p,FALSE
2024-01-24,Oklahoma City Thunder,San Antonio Spurs,8:30p,FALSE
2024-01-24,Phoenix Suns,Dallas Mavericks,9:30p,FALSE
2024-01-24,Atlanta Hawks,Golden State Warriors,10:00p,FALSE
2024-01-25,Philadelphia 76ers,Indiana Pacers,7:00p,FALSE
2024-01-25,Utah Jazz,Washington Wizards,7:00p,FALSE
2024-01-25,Minnesota Timberwolves,Brooklyn Nets,7:30p,FALSE
2024-01-25,Boston Celtics,Miami Heat,7:30p,FALSE
2024-01-25,Denver Nuggets,New York Knicks,7:30p,FALSE
2024-01-25,Sacramento Kings,Golden State Warriors,10:00p,FALSE
2024-01-25,Chicago Bulls,Los Angeles Lakers,10:30p,FALSE
2024-01-26,Dallas Mavericks,Atlanta Hawks,7:00p,FALSE
2024-01-26,Houston Rockets,Charlotte Hornets,7:00p,FALSE
2024-01-26,Phoenix Suns,Indiana Pacers,7:00p,FALSE
2024-01-26,Los Angeles Clippers,Toronto Raptors,7:30p,FALSE
2024-01-26,Orlando Magic,Memphis Grizzlies,8:00p,FALSE
2024-01-26,Cleveland Cavaliers,Milwaukee Bucks,8:00p,FALSE
2024-01-26,Oklahoma City Thunder,New Orleans Pelicans,8:00p,FALSE
2024-01-26,Portland Trail Blazers,San Antonio Spurs,9:30p,FALSE
2024-01-27,Washington Wizards,Detroit Pistons,12:00p,FALSE
2024-01-27,Miami Heat,New York Knicks,3:00p,FALSE
2024-01-27,Philadelphia 76ers,Denver Nuggets,5:30p,FALSE
2024-01-27,Houston Rockets,Brooklyn Nets,6:00p,FALSE
2024-01-27,Los Angeles Clippers,Boston Celtics,7:00p,FALSE
2024-01-27,Utah Jazz,Charlotte Hornets,7:00p,FALSE
2024-01-27,New Orleans Pelicans,Milwaukee Bucks,8:00p,FALSE
2024-01-27,Los Angeles Lakers,Golden State Warriors,8:30p,FALSE
2024-01-27,Minnesota Timberwolves,San Antonio Spurs,8:30p,FALSE
2024-01-27,Sacramento Kings,Dallas Mavericks,9:00p,FALSE
2024-01-28,Memphis Grizzlies,Indiana Pacers,3:30p,FALSE
2024-01-28,Toronto Raptors,Atlanta Hawks,6:00p,FALSE
2024-01-28,Oklahoma City Thunder,Detroit Pistons,6:00p,FALSE
2024-01-28,Phoenix Suns,Orlando Magic,6:00p,FALSE
2024-01-28,Chicago Bulls,Portland Trail Blazers,9:00p,FALSE
2024-01-29,New York Knicks,Charlotte Hornets,7:00p,FALSE
2024-01-29,Los Angeles Clippers,Cleveland Cavaliers,7:00p,FALSE
2024-01-29,New Orleans Pelicans,Boston Celtics,7:30p,FALSE
2024-01-29,Utah Jazz,Brooklyn Nets,7:30p,FALSE
2024-01-29,Phoenix Suns,Miami Heat,7:30p,FALSE
2024-01-29,Los Angeles Lakers,Houston Rockets,8:00p,FALSE
2024-01-29,Sacramento Kings,Memphis Grizzlies,8:00p,FALSE
2024-01-29,Minnesota Timberwolves,Oklahoma City Thunder,8:00p,FALSE
2024-01-29,Washington Wizards,San Antonio Spurs,8:00p,FALSE
2024-01-29,Orlando Magic,Dallas Mavericks,8:30p,FALSE
2024-01-29,Milwaukee Bucks,Denver Nuggets,9:00p,FALSE
2024-01-29,Philadelphia 76ers,Portland Trail Blazers,10:00p,FALSE
2024-01-30,Los Angeles Lakers,Atlanta Hawks,7:30p,FALSE
2024-01-30,Indiana Pacers,Boston Celtics,7:30p,FALSE
2024-01-30,Utah Jazz,New York Knicks,7:30p,FALSE
2024-01-30,Toronto Raptors,Chicago Bulls,8:00p,FALSE
2024-01-30,Philadelphia 76ers,Golden State Warriors,10:00p,FALSE
2024-01-31,Chicago Bulls,Charlotte Hornets,7:00p,FALSE
2024-01-31,Detroit Pistons,Cleveland Cavaliers,7:00p,FALSE
2024-01-31,Los Angeles Clippers,Washington Wizards,7:00p,FALSE
2024-01-31,Sacramento Kings,Miami Heat,7:30p,FALSE
2024-01-31,New Orleans Pelicans,Houston Rockets,8:00p,FALSE
2024-01-31,Dallas Mavericks,Minnesota Timberwolves,8:00p,FALSE
2024-01-31,Denver Nuggets,Oklahoma City Thunder,8:00p,FALSE
2024-01-31,Orlando Magic,San Antonio Spurs,8:00p,FALSE
2024-01-31,Phoenix Suns,Brooklyn Nets,8:30p,FALSE
2024-01-31,Milwaukee Bucks,Portland Trail Blazers,10:00p,FALSE
2024-02-01,Los Angeles Lakers,Boston Celtics,7:30p,FALSE
2024-02-01,Indiana Pacers,New York Knicks,7:30p,FALSE
2024-02-01,Philadelphia 76ers,Utah Jazz,9:00p,FALSE
2024-02-01,Cleveland Cavaliers,Memphis Grizzlies,10:00p,FALSE
2024-02-02,Los Angeles Clippers,Detroit Pistons,7:00p,FALSE
2024-02-02,Miami Heat,Washington Wizards,7:00p,FALSE
2024-02-02,Phoenix Suns,Atlanta Hawks,7:30p,FALSE
2024-02-02,Sacramento Kings,Indiana Pacers,7:30p,FALSE
2024-02-02,Toronto Raptors,Houston Rockets,8:00p,FALSE
2024-02-02,Golden State Warriors,Memphis Grizzlies,8:00p,FALSE
2024-02-02,Orlando Magic,Minnesota Timberwolves,8:00p,FALSE
2024-02-02,Charlotte Hornets,Oklahoma City Thunder,8:00p,FALSE
2024-02-02,New Orleans Pelicans,San Antonio Spurs,8:00p,FALSE
2024-02-02,Portland Trail Blazers,Denver Nuggets,9:00p,FALSE
2024-02-03,Brooklyn Nets,Philadelphia 76ers,6:00p,FALSE
2024-02-03,Golden State Warriors,Atlanta Hawks,7:30p,FALSE
2024-02-03,Sacramento Kings,Chicago Bulls,8:00p,FALSE
2024-02-03,Milwaukee Bucks,Dallas Mavericks,8:30p,FALSE
2024-02-03,Los Angeles Lakers,New York Knicks,8:30p,FALSE
2024-02-03,Cleveland Cavaliers,San Antonio Spurs,8:30p,FALSE
2024-02-04,Orlando Magic,Detroit Pistons,3:00p,FALSE
2024-02-04,Phoenix Suns,Washington Wizards,3:30p,FALSE
2024-02-04,Memphis Grizzlies,Boston Celtics,6:00p,FALSE
2024-02-04,Indiana Pacers,Charlotte Hornets,6:00p,FALSE
2024-02-04,Los Angeles Clippers,Miami Heat,6:00p,FALSE
2024-02-04,Houston Rockets,Minnesota Timberwolves,7:00p,FALSE
2024-02-04,Toronto Raptors,Oklahoma City Thunder,7:00p,FALSE
2024-02-04,Milwaukee Bucks,Utah Jazz,8:00p,FALSE
2024-02-04,Portland Trail Blazers,Denver Nuggets,8:30p,FALSE
2024-02-05,Los Angeles Lakers,Charlotte Hornets,7:00p,FALSE
2024-02-05,Sacramento Kings,Cleveland Cavaliers,7:00p,FALSE
2024-02-05,Dallas Mavericks,Philadelphia 76ers,7:00p,FALSE
2024-02-05,Los Angeles Clippers,Atlanta Hawks,7:30p,FALSE
2024-02-05,Golden State Warriors,Brooklyn Nets,7:30p,FALSE
2024-02-05,Toronto Raptors,New Orleans Pelicans,8:00p,FALSE
2024-02-06,Houston Rockets,Indiana Pacers,7:00p,FALSE
2024-02-06,Dallas Mavericks,Brooklyn Nets,7:30p,FALSE
2024-02-06,Orlando Magic,Miami Heat,7:30p,FALSE
2024-02-06,Memphis Grizzlies,New York Knicks,7:30p,FALSE
2024-02-06,Minnesota Timberwolves,Chicago Bulls,8:00p,FALSE
2024-02-06,Oklahoma City Thunder,Utah Jazz,9:00p,FALSE
2024-02-06,Milwaukee Bucks,Phoenix Suns,10:00p,FALSE
2024-02-07,Toronto Raptors,Charlotte Hornets,7:00p,FALSE
2024-02-07,Golden State Warriors,Philadelphia 76ers,7:00p,FALSE
2024-02-07,Cleveland Cavaliers,Washington Wizards,7:00p,FALSE
2024-02-07,Atlanta Hawks,Boston Celtics,7:30p,FALSE
2024-02-07,San Antonio Spurs,Miami Heat,7:30p,FALSE
2024-02-07,New Orleans Pelicans,Los Angeles Clippers,10:00p,FALSE
2024-02-07,Detroit Pistons,Sacramento Kings,10:00p,FALSE
2024-02-08,Golden State Warriors,Indiana Pacers,7:00p,FALSE
2024-02-08,San Antonio Spurs,Orlando Magic,7:00p,FALSE
2024-02-08,Cleveland Cavaliers,Brooklyn Nets,7:30p,FALSE
2024-02-08,Dallas Mavericks,New York Knicks,7:30p,FALSE
2024-02-08,Chicago Bulls,Memphis Grizzlies,8:00p,FALSE
2024-02-08,Minnesota Timberwolves,Milwaukee Bucks,8:00p,FALSE
2024-02-08,Utah Jazz,Phoenix Suns,9:00p,FALSE
2024-02-08,Denver Nuggets,Los Angeles Lakers,10:00p,FALSE
2024-02-08,Detroit Pistons,Portland Trail Blazers,10:00p,FALSE
2024-02-09,Atlanta Hawks,Philadelphia 76ers,7:00p,FALSE
2024-02-09,Washington Wizards,Boston Celtics,7:30p,FALSE
2024-02-09,Houston Rockets,Toronto Raptors,7:30p,FALSE
2024-02-09,Charlotte Hornets,Milwaukee Bucks,8:00p,FALSE
2024-02-09,Denver Nuggets,Sacramento Kings,10:00p,FALSE
2024-02-09,New Orleans Pelicans,Los Angeles Lakers,10:30p,FALSE
2024-02-10,Oklahoma City Thunder,Dallas Mavericks,3:00p,FALSE
2024-02-10,Detroit Pistons,Los Angeles Clippers,3:30p,FALSE
2024-02-10,San Antonio Spurs,Brooklyn Nets,6:00p,FALSE
2024-02-10,Memphis Grizzlies,Charlotte Hornets,7:00p,FALSE
2024-02-10,Chicago Bulls,Orlando Magic,7:00p,FALSE
2024-02-10,Philadelphia 76ers,Washington Wizards,7:00p,FALSE
2024-02-10,Houston Rockets,Atlanta Hawks,7:30p,FALSE
2024-02-10,Indiana Pacers,New York Knicks,7:30p,FALSE
2024-02-10,Cleveland Cavaliers,Toronto Raptors,7:30p,FALSE
2024-02-10,Phoenix Suns,Golden State Warriors,8:30p,FALSE
2024-02-10,New Orleans Pelicans,Portland Trail Blazers,10:00p,FALSE
2024-02-11,Boston Celtics,Miami Heat,2:00p,FALSE
2024-02-11,Sacramento Kings,Oklahoma City Thunder,3:00p,FALSE
2024-02-12,Indiana Pacers,Charlotte Hornets,7:00p,FALSE
2024-02-12,Philadelphia 76ers,Cleveland Cavaliers,7:00p,FALSE
2024-02-12,Chicago Bulls,Atlanta Hawks,7:30p,FALSE
2024-02-12,San Antonio Spurs,Toronto Raptors,7:30p,FALSE
2024-02-12,New York Knicks,Houston Rockets,8:00p,FALSE
2024-02-12,New Orleans Pelicans,Memphis Grizzlies,8:00p,FALSE
2024-02-12,Denver Nuggets,Milwaukee Bucks,8:00p,FALSE
2024-02-12,Washington Wizards,Dallas Mavericks,8:30p,FALSE
2024-02-12,Golden State Warriors,Utah Jazz,9:00p,FALSE
2024-02-12,Minnesota Timberwolves,Los Angeles Clippers,10:30p,FALSE
2024-02-13,Boston Celtics,Brooklyn Nets,7:30p,FALSE
2024-02-13,Oklahoma City Thunder,Orlando Magic,7:30p,FALSE
2024-02-13,Miami Heat,Milwaukee Bucks,8:00p,FALSE
2024-02-13,Sacramento Kings,Phoenix Suns,10:00p,FALSE
2024-02-13,Minnesota Timberwolves,Portland Trail Blazers,10:00p,FALSE
2024-02-13,Detroit Pistons,Los Angeles Lakers,10:30p,FALSE
2024-02-14,Atlanta Hawks,Charlotte Hornets,7:00p,FALSE
2024-02-14,New York Knicks,Orlando Magic,7:00p,FALSE
2024-02-14,Miami Heat,Philadelphia 76ers,7:00p,FALSE
2024-02-14,Brooklyn Nets,Boston Celtics,7:30p,FALSE
2024-02-14,Chicago Bulls,Cleveland Cavaliers,7:30p,FALSE
2024-02-14,Indiana Pacers,Toronto Raptors,7:30p,FALSE
2024-02-14,Houston Rockets,Memphis Grizzlies,8:00p,FALSE
2024-02-14,Washington Wizards,New Orleans Pelicans,8:00p,FALSE
2024-02-14,San Antonio Spurs,Dallas Mavericks,8:30p,FALSE
2024-02-14,Sacramento Kings,Denver Nuggets,9:00p,FALSE
2024-02-14,Detroit Pistons,Phoenix Suns,9:00p,FALSE
2024-02-14,Los Angeles Lakers,Utah Jazz,9:00p,FALSE
2024-02-14,Los Angeles Clippers,Golden State Warriors,10:00p,FALSE
2024-02-15,Milwaukee Bucks,Memphis Grizzlies,8:30p,FALSE
2024-02-15,Minnesota Timberwolves,Portland Trail Blazers,10:00p,FALSE
2024-02-22,Orlando Magic,Cleveland Cavaliers,7:00p,FALSE
2024-02-22,Detroit Pistons,Indiana Pacers,7:00p,FALSE
2024-02-22,New York Knicks,Philadelphia 76ers,7:00p,FALSE
2024-02-22,Brooklyn Nets,Toronto Raptors,7:00p,FALSE
2024-02-22,Phoenix Suns,Dallas Mavericks,7:30p,FALSE
2024-02-22,Boston Celtics,Chicago Bulls,8:00p,FALSE
2024-02-22,Houston Rockets,New Orleans Pelicans,8:00p,FALSE
2024-02-22,Los Angeles Clippers,Oklahoma City Thunder,8:00p,FALSE
2024-02-22,Washington Wizards,Denver Nuggets,9:00p,FALSE
2024-02-22,Charlotte Hornets,Utah Jazz,9:00p,FALSE
2024-02-22,Los Angeles Lakers,Golden State Warriors,10:00p,FALSE
2024-02-22,San Antonio Spurs,Sacramento Kings,10:00p,FALSE
2024-02-23,Toronto Raptors,Atlanta Hawks,7:30p,FALSE
2024-02-23,Cleveland Cavaliers,Philadelphia 76ers,7:30p,FALSE
2024-02-23,Phoenix Suns,Houston Rockets,8:00p,FALSE
2024-02-23,Los Angeles Clippers,Memphis Grizzlies,8:00p,FALSE
2024-02-23,Milwaukee Bucks,Minnesota Timberwolves,8:00p,FALSE
2024-02-23,Washington Wizards,Oklahoma City Thunder,8:00p,FALSE
2024-02-23,Charlotte Hornets,Golden State Warriors,10:00p,FALSE
2024-02-23,Miami Heat,New Orleans Pelicans,10:00p,FALSE
2024-02-23,Denver Nuggets,Portland Trail Blazers,10:00p,FALSE
2024-02-23,San Antonio Spurs,Los Angeles Lakers,10:30p,FALSE
2024-02-24,Orlando Magic,Detroit Pistons,8:00p,FALSE
2024-02-24,Brooklyn Nets,Minnesota Timberwolves,8:00p,FALSE
2024-02-24,Boston Celtics,New York Knicks,8:30p,FALSE
2024-02-25,Milwaukee Bucks,Philadelphia 76ers,1:00p,FALSE
2024-02-25,Los Angeles Lakers,Phoenix Suns,3:30p,FALSE
2024-02-25,Dallas Mavericks,Indiana Pacers,5:00p,FALSE
2024-02-25,Cleveland Cavaliers,Washington Wizards,6:00p,FALSE
2024-02-25,Orlando Magic,Atlanta Hawks,7:00p,FALSE
2024-02-25,Denver Nuggets,Golden State Warriors,7:00p,FALSE
2024-02-25,Oklahoma City Thunder,Houston Rockets,7:00p,FALSE
2024-02-25,Chicago Bulls,New Orleans Pelicans,7:00p,FALSE
2024-02-25,San Antonio Spurs,Utah Jazz,8:00p,FALSE
2024-02-25,Charlotte Hornets,Portland Trail Blazers,9:00p,FALSE
2024-02-25,Sacramento Kings,Los Angeles Clippers,9:30p,FALSE
2024-02-26,New York Knicks,Detroit Pistons,7:00p,FALSE
2024-02-26,Toronto Raptors,Indiana Pacers,7:00p,FALSE
2024-02-26,Brooklyn Nets,Memphis Grizzlies,8:00p,FALSE
2024-02-26,Miami Heat,Sacramento Kings,10:00p,FALSE
2024-02-27,Dallas Mavericks,Cleveland Cavaliers,7:00p,FALSE
2024-02-27,Brooklyn Nets,Orlando Magic,7:00p,FALSE
2024-02-27,Golden State Warriors,Washington Wizards,7:00p,FALSE
2024-02-27,Utah Jazz,Atlanta Hawks,7:30p,FALSE
2024-02-27,Philadelphia 76ers,Boston Celtics,7:30p,FALSE
2024-02-27,San Antonio Spurs,Minnesota Timberwolves,7:30p,FALSE
2024-02-27,New Orleans Pelicans,New York Knicks,7:30p,FALSE
2024-02-27,Detroit Pistons,Chicago Bulls,8:00p,FALSE
2024-02-27,Charlotte Hornets,Milwaukee Bucks,8:00p,FALSE
2024-02-27,Houston Rockets,Oklahoma City Thunder,8:00p,FALSE
2024-02-27,Miami Heat,Portland Trail Blazers,10:00p,FALSE
2024-02-28,New Orleans Pelicans,Indiana Pacers,7:00p,FALSE
2024-02-28,Memphis Grizzlies,Minnesota Timberwolves,7:30p,FALSE
2024-02-28,Dallas Mavericks,Toronto Raptors,7:30p,FALSE
2024-02-28,Cleveland Cavaliers,Chicago Bulls,8:00p,FALSE
2024-02-28,Sacramento Kings,Denver Nuggets,9:00p,FALSE
2024-02-28,Los Angeles Lakers,Los Angeles Clippers,10:00p,FALSE
2024-02-29,Milwaukee Bucks,Charlotte Hornets,7:00p,FALSE
2024-02-29,Utah Jazz,Orlando Magic,7:00p,FALSE
2024-02-29,Atlanta Hawks,Brooklyn Nets,7:30p,FALSE
2024-02-29,Golden State Warriors,New York Knicks,7:30p,FALSE
2024-02-29,Oklahoma City Thunder,San Antonio Spurs,8:30p,FALSE
2024-02-29,Houston Rockets,Phoenix Suns,9:00p,FALSE
2024-02-29,Miami Heat,Denver Nuggets,10:00p,FALSE
2024-02-29,Washington Wizards,Los Angeles Lakers,10:30p,FALSE
2024-03-01,Cleveland Cavaliers,Detroit Pistons,7:00p,FALSE
2024-03-01,Charlotte Hornets,Philadelphia 76ers,7:00p,FALSE
2024-03-01,Dallas Mavericks,Boston Celtics,7:30p,FALSE
2024-03-01,Golden State Warriors,Toronto Raptors,7:30p,FALSE
2024-03-01,Portland Trail Blazers,Memphis Grizzlies,8:00p,FALSE
2024-03-01,Sacramento Kings,Minnesota Timberwolves,8:00p,FALSE
2024-03-01,Indiana Pacers,New Orleans Pelicans,8:00p,FALSE
2024-03-01,Milwaukee Bucks,Chicago Bulls,10:00p,FALSE
2024-03-01,Washington Wizards,Los Angeles Clippers,10:30p,FALSE
2024-03-02,Atlanta Hawks,Brooklyn Nets,3:00p,FALSE
2024-03-02,Utah Jazz,Miami Heat,5:00p,FALSE
2024-03-02,Portland Trail Blazers,Memphis Grizzlies,8:00p,FALSE
2024-03-02,Denver Nuggets,Los Angeles Lakers,8:30p,FALSE
2024-03-02,Houston Rockets,Phoenix Suns,9:00p,FALSE
2024-03-03,Philadelphia 76ers,Dallas Mavericks,1:00p,FALSE
2024-03-03,Golden State Warriors,Boston Celtics,3:30p,FALSE
2024-03-03,Los Angeles Clippers,Minnesota Timberwolves,3:30p,FALSE
2024-03-03,Detroit Pistons,Orlando Magic,6:00p,FALSE
2024-03-03,Charlotte Hornets,Toronto Raptors,6:00p,FALSE
2024-03-03,New York Knicks,Cleveland Cavaliers,7:00p,FALSE
2024-03-03,Indiana Pacers,San Antonio Spurs,7:00p,FALSE
2024-03-03,Oklahoma City Thunder,Phoenix Suns,9:30p,FALSE
2024-03-04,Memphis Grizzlies,Brooklyn Nets,7:30p,FALSE
2024-03-04,Los Angeles Clippers,Milwaukee Bucks,8:00p,FALSE
2024-03-04,Portland Trail Blazers,Minnesota Timberwolves,8:00p,FALSE
2024-03-04,Washington Wizards,Utah Jazz,9:00p,FALSE
2024-03-04,Chicago Bulls,Sacramento Kings,10:00p,FALSE
2024-03-04,Oklahoma City Thunder,Los Angeles Lakers,10:30p,FALSE
2024-03-05,Orlando Magic,Charlotte Hornets,7:00p,FALSE
2024-03-05,Boston Celtics,Cleveland Cavaliers,7:00p,FALSE
2024-03-05,Philadelphia 76ers,Brooklyn Nets,7:30p,FALSE
2024-03-05,Detroit Pistons,Miami Heat,7:30p,FALSE
2024-03-05,Atlanta Hawks,New York Knicks,7:30p,FALSE
2024-03-05,New Orleans Pelicans,Toronto Raptors,7:30p,FALSE
2024-03-05,San Antonio Spurs,Houston Rockets,8:00p,FALSE
2024-03-05,Indiana Pacers,Dallas Mavericks,8:30p,FALSE
2024-03-05,Phoenix Suns,Denver Nuggets,10:00p,FALSE
2024-03-06,Orlando Magic,Washington Wizards,7:00p,FALSE
2024-03-06,Cleveland Cavaliers,Atlanta Hawks,7:30p,FALSE
2024-03-06,Memphis Grizzlies,Philadelphia 76ers,7:30p,FALSE
2024-03-06,Los Angeles Clippers,Houston Rockets,8:00p,FALSE
2024-03-06,Chicago Bulls,Utah Jazz,9:00p,FALSE
2024-03-06,Milwaukee Bucks,Golden State Warriors,10:00p,FALSE
2024-03-06,Oklahoma City Thunder,Portland Trail Blazers,10:00p,FALSE
2024-03-06,Sacramento Kings,Los Angeles Lakers,10:30p,FALSE
2024-03-07,Brooklyn Nets,Detroit Pistons,7:00p,FALSE
2024-03-07,Minnesota Timberwolves,Indiana Pacers,7:00p,FALSE
2024-03-07,Miami Heat,Dallas Mavericks,7:30p,FALSE
2024-03-07,Toronto Raptors,Phoenix Suns,9:00p,FALSE
2024-03-07,Boston Celtics,Denver Nuggets,10:00p,FALSE
2024-03-07,Chicago Bulls,Golden State Warriors,10:00p,FALSE
2024-03-07,San Antonio Spurs,Sacramento Kings,10:00p,FALSE
2024-03-08,New Orleans Pelicans,Philadelphia 76ers,7:00p,FALSE
2024-03-08,Charlotte Hornets,Washington Wizards,7:00p,FALSE
2024-03-08,Minnesota Timberwolves,Cleveland Cavaliers,7:30p,FALSE
2024-03-08,Atlanta Hawks,Memphis Grizzlies,7:30p,FALSE
2024-03-08,Orlando Magic,New York Knicks,7:30p,FALSE
2024-03-08,Miami Heat,Oklahoma City Thunder,8:00p,FALSE
2024-03-08,Milwaukee Bucks,Los Angeles Lakers,10:00p,FALSE
2024-03-08,Houston Rockets,Portland Trail Blazers,10:00p,FALSE
2024-03-09,Chicago Bulls,Los Angeles Clippers,4:00p,FALSE
2024-03-09,Brooklyn Nets,Charlotte Hornets,7:00p,FALSE
2024-03-09,Dallas Mavericks,Detroit Pistons,7:00p,FALSE
2024-03-09,San Antonio Spurs,Golden State Warriors,8:30p,FALSE
2024-03-09,Boston Celtics,Phoenix Suns,8:30p,FALSE
2024-03-09,Utah Jazz,Denver Nuggets,10:00p,FALSE
2024-03-09,Toronto Raptors,Portland Trail Blazers,10:00p,FALSE
2024-03-10,Milwaukee Bucks,Los Angeles Clippers,3:00p,FALSE
2024-03-10,New Orleans Pelicans,Atlanta Hawks,6:00p,FALSE
2024-03-10,Washington Wizards,Miami Heat,6:00p,FALSE
2024-03-10,Philadelphia 76ers,New York Knicks,6:00p,FALSE
2024-03-10,Indiana Pacers,Orlando Magic,6:00p,FALSE
2024-03-10,Houston Rockets,Sacramento Kings,6:00p,FALSE
2024-03-10,Brooklyn Nets,Cleveland Cavaliers,7:00p,FALSE
2024-03-10,Memphis Grizzlies,Oklahoma City Thunder,7:00p,FALSE
2024-03-10,Minnesota Timberwolves,Los Angeles Lakers,9:30p,FALSE
2024-03-11,Charlotte Hornets,Detroit Pistons,7:00p,FALSE
2024-03-11,Phoenix Suns,Cleveland Cavaliers,7:30p,FALSE
2024-03-11,Dallas Mavericks,Chicago Bulls,8:00p,FALSE
2024-03-11,Golden State Warriors,San Antonio Spurs,8:00p,FALSE
2024-03-11,Toronto Raptors,Denver Nuggets,9:00p,FALSE
2024-03-11,Boston Celtics,Portland Trail Blazers,10:30p,FALSE
2024-03-12,Philadelphia 76ers,New York Knicks,7:30p,FALSE
2024-03-12,Washington Wizards,Memphis Grizzlies,8:00p,FALSE
2024-03-12,Indiana Pacers,Oklahoma City Thunder,8:00p,FALSE
2024-03-12,Houston Rockets,San Antonio Spurs,8:30p,FALSE
2024-03-12,Boston Celtics,Utah Jazz,9:00p,FALSE
2024-03-12,Minnesota Timberwolves,Los Angeles Clippers,10:00p,FALSE
2024-03-12,Milwaukee Bucks,Sacramento Kings,10:00p,FALSE
2024-03-13,Toronto Raptors,Detroit Pistons,7:00p,FALSE
2024-03-13,Brooklyn Nets,Orlando Magic,7:00p,FALSE
2024-03-13,Chicago Bulls,Indiana Pacers,7:30p,FALSE
2024-03-13,Denver Nuggets,Miami Heat,7:30p,FALSE
2024-03-13,Charlotte Hornets,Memphis Grizzlies,8:00p,FALSE
2024-03-13,Cleveland Cavaliers,New Orleans Pelicans,8:00p,FALSE
2024-03-13,Golden State Warriors,Dallas Mavericks,8:30p,FALSE
2024-03-13,Atlanta Hawks,Portland Trail Blazers,10:00p,FALSE
2024-03-13,Los Angeles Lakers,Sacramento Kings,10:00p,FALSE
2024-03-14,Phoenix Suns,Boston Celtics,7:30p,FALSE
2024-03-14,Los Angeles Clippers,Chicago Bulls,8:00p,FALSE
2024-03-14,Washington Wizards,Houston Rockets,8:00p,FALSE
2024-03-14,Philadelphia 76ers,Milwaukee Bucks,8:00p,FALSE
2024-03-14,Dallas Mavericks,Oklahoma City Thunder,10:00p,FALSE
2024-03-14,New York Knicks,Portland Trail Blazers,10:00p,FALSE
2024-03-15,Phoenix Suns,Charlotte Hornets,7:00p,FALSE
2024-03-15,Miami Heat,Detroit Pistons,7:00p,FALSE
2024-03-15,Orlando Magic,Toronto Raptors,7:30p,FALSE
2024-03-15,Los Angeles Clippers,New Orleans Pelicans,8:00p,FALSE
2024-03-15,Denver Nuggets,San Antonio Spurs,8:30p,FALSE
2024-03-15,Atlanta Hawks,Utah Jazz,9:30p,FALSE
2024-03-16,Cleveland Cavaliers,Houston Rockets,5:00p,FALSE
2024-03-16,Brooklyn Nets,Indiana Pacers,7:00p,FALSE
2024-03-16,Portland Trail Blazers,New Orleans Pelicans,7:00p,FALSE
2024-03-16,Charlotte Hornets,Philadelphia 76ers,7:00p,FALSE
2024-03-16,Washington Wizards,Chicago Bulls,8:00p,FALSE
2024-03-16,Oklahoma City Thunder,Memphis Grizzlies,8:00p,FALSE
2024-03-16,Golden State Warriors,Los Angeles Lakers,8:30p,FALSE
2024-03-16,Minnesota Timberwolves,Utah Jazz,9:30p,FALSE
2024-03-16,New York Knicks,Sacramento Kings,10:00p,FALSE
2024-03-17,Phoenix Suns,Milwaukee Bucks,1:00p,FALSE
2024-03-17,Miami Heat,Detroit Pistons,3:00p,FALSE
2024-03-17,Denver Nuggets,Dallas Mavericks,3:30p,FALSE
2024-03-17,Toronto Raptors,Orlando Magic,6:00p,FALSE
2024-03-17,Boston Celtics,Washington Wizards,6:00p,FALSE
2024-03-17,Brooklyn Nets,San Antonio Spurs,7:00p,FALSE
2024-03-17,Atlanta Hawks,Los Angeles Clippers,9:30p,FALSE
2024-03-18,Cleveland Cavaliers,Indiana Pacers,7:00p,FALSE
2024-03-18,Detroit Pistons,Boston Celtics,7:30p,FALSE
2024-03-18,Miami Heat,Philadelphia 76ers,7:30p,FALSE
2024-03-18,Portland Trail Blazers,Chicago Bulls,8:00p,FALSE
2024-03-18,Minnesota Timberwolves,Utah Jazz,9:00p,FALSE
2024-03-18,New York Knicks,Golden State Warriors,10:00p,FALSE
2024-03-18,Memphis Grizzlies,Sacramento Kings,10:00p,FALSE
2024-03-18,Atlanta Hawks,Los Angeles Lakers,10:30p,FALSE
2024-03-19,Charlotte Hornets,Orlando Magic,7:00p,FALSE
2024-03-19,Houston Rockets,Washington Wizards,7:00p,FALSE
2024-03-19,New Orleans Pelicans,Brooklyn Nets,7:30p,FALSE
2024-03-19,Dallas Mavericks,San Antonio Spurs,8:00p,FALSE
2024-03-19,Denver Nuggets,Minnesota Timberwolves,9:00p,FALSE
2024-03-20,Miami Heat,Cleveland Cavaliers,7:00p,FALSE
2024-03-20,Indiana Pacers,Detroit Pistons,7:00p,FALSE
2024-03-20,Milwaukee Bucks,Boston Celtics,7:30p,FALSE
2024-03-20,Sacramento Kings,Toronto Raptors,7:30p,FALSE
2024-03-20,Utah Jazz,Oklahoma City Thunder,8:00p,FALSE
2024-03-20,Memphis Grizzlies,Golden State Warriors,10:00p,FALSE
2024-03-20,Philadelphia 76ers,Phoenix Suns,10:00p,FALSE
2024-03-20,Los Angeles Clippers,Portland Trail Blazers,10:00p,FALSE
2024-03-21,New Orleans Pelicans,Orlando Magic,7:00p,FALSE
2024-03-21,Sacramento Kings,Washington Wizards,7:00p,FALSE
2024-03-21,Chicago Bulls,Houston Rockets,8:00p,FALSE
2024-03-21,Brooklyn Nets,Milwaukee Bucks,8:00p,FALSE
2024-03-21,Utah Jazz,Dallas Mavericks,8:30p,FALSE
2024-03-21,New York Knicks,Denver Nuggets,9:00p,FALSE
2024-03-21,Atlanta Hawks,Phoenix Suns,10:30p,FALSE
2024-03-22,Boston Celtics,Detroit Pistons,7:00p,FALSE
2024-03-22,Oklahoma City Thunder,Toronto Raptors,7:00p,FALSE
2024-03-22,New Orleans Pelicans,Miami Heat,8:00p,FALSE
2024-03-22,Cleveland Cavaliers,Minnesota Timberwolves,8:00p,FALSE
2024-03-22,Memphis Grizzlies,San Antonio Spurs,8:00p,FALSE
2024-03-22,Indiana Pacers,Golden State Warriors,10:00p,FALSE
2024-03-22,Los Angeles Clippers,Portland Trail Blazers,10:00p,FALSE
2024-03-22,Philadelphia 76ers,Los Angeles Lakers,10:30p,FALSE
2024-03-23,Brooklyn Nets,New York Knicks,1:00p,FALSE
2024-03-23,Sacramento Kings,Orlando Magic,7:00p,FALSE
2024-03-23,Charlotte Hornets,Atlanta Hawks,7:30p,FALSE
2024-03-23,Boston Celtics,Chicago Bulls,8:00p,FALSE
2024-03-23,Utah Jazz,Houston Rockets,8:00p,FALSE
2024-03-23,Phoenix Suns,San Antonio Spurs,8:00p,FALSE
2024-03-23,Toronto Raptors,Washington Wizards,8:00p,FALSE
2024-03-23,Denver Nuggets,Portland Trail Blazers,10:00p,FALSE
2024-03-24,New Orleans Pelicans,Detroit Pistons,3:00p,FALSE
2024-03-24,Philadelphia 76ers,Los Angeles Clippers,3:30p,FALSE
2024-03-24,Cleveland Cavaliers,Miami Heat,6:00p,FALSE
2024-03-24,Oklahoma City Thunder,Milwaukee Bucks,7:00p,FALSE
2024-03-24,Golden State Warriors,Minnesota Timberwolves,7:00p,FALSE
2024-03-24,Indiana Pacers,Los Angeles Lakers,10:00p,FALSE
2024-03-25,Charlotte Hornets,Cleveland Cavaliers,7:00p,FALSE
2024-03-25,Boston Celtics,Atlanta Hawks,7:30p,FALSE
2024-03-25,Detroit Pistons,New York Knicks,7:30p,FALSE
2024-03-25,Brooklyn Nets,Toronto Raptors,7:30p,FALSE
2024-03-25,Washington Wizards,Chicago Bulls,8:00p,FALSE
2024-03-25,Portland Trail Blazers,Houston Rockets,8:00p,FALSE
2024-03-25,Phoenix Suns,San Antonio Spurs,8:00p,FALSE
2024-03-25,Memphis Grizzlies,Denver Nuggets,9:00p,FALSE
2024-03-25,Dallas Mavericks,Utah Jazz,9:00p,FALSE
2024-03-25,Philadelphia 76ers,Sacramento Kings,10:00p,FALSE
2024-03-25,Indiana Pacers,Los Angeles Clippers,10:30p,FALSE
2024-03-26,Golden State Warriors,Miami Heat,7:30p,FALSE
2024-03-26,Los Angeles Lakers,Milwaukee Bucks,7:30p,FALSE
2024-03-26,Oklahoma City Thunder,New Orleans Pelicans,8:00p,FALSE
2024-03-26,Dallas Mavericks,Sacramento Kings,10:00p,FALSE
2024-03-27,Cleveland Cavaliers,Charlotte Hornets,7:00p,FALSE
2024-03-27,Golden State Warriors,Orlando Magic,7:00p,FALSE
2024-03-27,Brooklyn Nets,Washington Wizards,7:00p,FALSE
2024-03-27,Portland Trail Blazers,Atlanta Hawks,7:30p,FALSE
2024-03-27,Los Angeles Clippers,Philadelphia 76ers,7:30p,FALSE
2024-03-27,New York Knicks,Toronto Raptors,7:30p,FALSE
2024-03-27,Indiana Pacers,Chicago Bulls,8:00p,FALSE
2024-03-27,Los Angeles Lakers,Memphis Grizzlies,8:00p,FALSE
2024-03-27,Detroit Pistons,Minnesota Timberwolves,8:00p,FALSE
2024-03-27,Houston Rockets,Oklahoma City Thunder,8:00p,FALSE
2024-03-27,San Antonio Spurs,Utah Jazz,9:00p,FALSE
2024-03-27,Phoenix Suns,Denver Nuggets,10:00p,FALSE
2024-03-28,Boston Celtics,Atlanta Hawks,7:30p,FALSE
2024-03-28,Milwaukee Bucks,New Orleans Pelicans,8:00p,FALSE
2024-03-29,Golden State Warriors,Charlotte Hornets,7:00p,FALSE
2024-03-29,Los Angeles Lakers,Indiana Pacers,7:00p,FALSE
2024-03-29,Los Angeles Clippers,Orlando Magic,7:00p,FALSE
2024-03-29,Detroit Pistons,Washington Wizards,7:00p,FALSE
2024-03-29,Chicago Bulls,Brooklyn Nets,7:30p,FALSE
2024-03-29,Philadelphia 76ers,Cleveland Cavaliers,7:30p,FALSE
2024-03-29,Portland Trail Blazers,Miami Heat,8:00p,FALSE
2024-03-29,Phoenix Suns,Oklahoma City Thunder,8:00p,FALSE
2024-03-29,New York Knicks,San Antonio Spurs,8:00p,FALSE
2024-03-29,Minnesota Timberwolves,Denver Nuggets,9:00p,FALSE
2024-03-29,Houston Rockets,Utah Jazz,9:30p,FALSE
2024-03-29,Dallas Mavericks,Sacramento Kings,10:00p,FALSE
2024-03-30,Boston Celtics,New Orleans Pelicans,5:00p,FALSE
2024-03-30,Memphis Grizzlies,Orlando Magic,7:00p,FALSE
2024-03-30,Milwaukee Bucks,Atlanta Hawks,7:30p,FALSE
2024-03-31,Cleveland Cavaliers,Denver Nuggets,3:30p,FALSE
2024-03-31,Los Angeles Lakers,Brooklyn Nets,6:00p,FALSE
2024-03-31,Los Angeles Clippers,Charlotte Hornets,6:00p,FALSE
2024-03-31,Philadelphia 76ers,Toronto Raptors,6:00p,FALSE
2024-03-31,Miami Heat,Washington Wizards,6:00p,FALSE
2024-03-31,Dallas Mavericks,Houston Rockets,7:00p,FALSE
2024-03-31,Chicago Bulls,Minnesota Timberwolves,7:00p,FALSE
2024-03-31,Oklahoma City Thunder,New York Knicks,7:00p,FALSE
2024-03-31,Golden State Warriors,San Antonio Spurs,7:00p,FALSE
2024-03-31,Utah Jazz,Sacramento Kings,9:00p,FALSE
2024-04-01,Boston Celtics,Charlotte Hornets,7:00p,FALSE
2024-04-01,Memphis Grizzlies,Detroit Pistons,7:00p,FALSE
2024-04-01,Brooklyn Nets,Indiana Pacers,7:00p,FALSE
2024-04-01,Portland Trail Blazers,Orlando Magic,7:00p,FALSE
2024-04-01,Atlanta Hawks,Chicago Bulls,8:00p,FALSE
2024-04-01,Phoenix Suns,New Orleans Pelicans,8:00p,FALSE
2024-04-02,Oklahoma City Thunder,Philadelphia 76ers,7:00p,FALSE
2024-04-02,Los Angeles Lakers,Toronto Raptors,7:00p,FALSE
2024-04-02,Milwaukee Bucks,Washington Wizards,7:00p,FALSE
2024-04-02,Golden State Warriors,Dallas Mavericks,7:30p,FALSE
2024-04-02,New York Knicks,Miami Heat,7:30p,FALSE
2024-04-02,Houston Rockets,Minnesota Timberwolves,8:00p,FALSE
2024-04-02,San Antonio Spurs,Denver Nuggets,9:00p,FALSE
2024-04-02,Cleveland Cavaliers,Utah Jazz,9:00p,FALSE
2024-04-02,Los Angeles Clippers,Sacramento Kings,10:00p,FALSE
2024-04-03,Portland Trail Blazers,Charlotte Hornets,7:00p,FALSE
2024-04-03,Los Angeles Lakers,Washington Wizards,7:00p,FALSE
2024-04-03,Detroit Pistons,Atlanta Hawks,7:30p,FALSE
2024-04-03,Oklahoma City Thunder,Boston Celtics,7:30p,FALSE
2024-04-03,Indiana Pacers,Brooklyn Nets,7:30p,FALSE
2024-04-03,Memphis Grizzlies,Milwaukee Bucks,7:30p,FALSE
2024-04-03,Toronto Raptors,Minnesota Timberwolves,8:00p,FALSE
2024-04-03,Orlando Magic,New Orleans Pelicans,8:00p,FALSE
2024-04-03,Cleveland Cavaliers,Phoenix Suns,10:00p,FALSE
2024-04-04,Philadelphia 76ers,Miami Heat,7:30p,FALSE
2024-04-04,Sacramento Kings,New York Knicks,7:30p,FALSE
2024-04-04,Golden State Warriors,Houston Rockets,8:00p,FALSE
2024-04-04,Denver Nuggets,Los Angeles Clippers,10:00p,FALSE
2024-04-05,Orlando Magic,Charlotte Hornets,7:00p,FALSE
2024-04-05,Oklahoma City Thunder,Indiana Pacers,7:00p,FALSE
2024-04-05,Portland Trail Blazers,Washington Wizards,7:00p,FALSE
2024-04-05,Sacramento Kings,Boston Celtics,7:30p,FALSE
2024-04-05,New York Knicks,Chicago Bulls,8:00p,FALSE
2024-04-05,Miami Heat,Houston Rockets,8:00p,FALSE
2024-04-05,Detroit Pistons,Memphis Grizzlies,8:00p,FALSE
2024-04-05,Toronto Raptors,Milwaukee Bucks,8:00p,FALSE
2024-04-05,San Antonio Spurs,New Orleans Pelicans,8:00p,FALSE
2024-04-05,Atlanta Hawks,Dallas Mavericks,8:30p,FALSE
2024-04-05,Minnesota Timberwolves,Phoenix Suns,10:00p,FALSE
2024-04-05,Utah Jazz,Los Angeles Clippers,10:30p,FALSE
2024-04-06,Cleveland Cavaliers,Los Angeles Lakers,3:30p,FALSE
2024-04-06,Detroit Pistons,Brooklyn Nets,7:00p,FALSE
2024-04-06,Philadelphia 76ers,Memphis Grizzlies,8:00p,FALSE
2024-04-06,Atlanta Hawks,Denver Nuggets,9:00p,FALSE
2024-04-07,Houston Rockets,Dallas Mavericks,3:30p,FALSE
2024-04-07,Cleveland Cavaliers,Los Angeles Clippers,3:30p,FALSE
2024-04-07,Miami Heat,Indiana Pacers,5:00p,FALSE
2024-04-07,Portland Trail Blazers,Boston Celtics,6:00p,FALSE
2024-04-07,Oklahoma City Thunder,Charlotte Hornets,6:00p,FALSE
2024-04-07,Chicago Bulls,Orlando Magic,6:00p,FALSE
2024-04-07,New Orleans Pelicans,Phoenix Suns,6:00p,FALSE
2024-04-07,Washington Wizards,Toronto Raptors,6:00p,FALSE
2024-04-07,New York Knicks,Milwaukee Bucks,7:00p,FALSE
2024-04-07,Philadelphia 76ers,San Antonio Spurs,7:00p,FALSE
2024-04-07,Sacramento Kings,Brooklyn Nets,7:30p,FALSE
2024-04-07,Utah Jazz,Golden State Warriors,8:30p,FALSE
2024-04-07,Minnesota Timberwolves,Los Angeles Lakers,10:00p,FALSE
2024-04-09,Dallas Mavericks,Charlotte Hornets,7:00p,FALSE
2024-04-09,Detroit Pistons,Philadelphia 76ers,7:00p,FALSE
2024-04-09,Indiana Pacers,Toronto Raptors,7:00p,FALSE
2024-04-09,Miami Heat,Atlanta Hawks,7:30p,FALSE
2024-04-09,Boston Celtics,Milwaukee Bucks,7:30p,FALSE
2024-04-09,New York Knicks,Chicago Bulls,8:00p,FALSE
2024-04-09,Orlando Magic,Houston Rockets,8:00p,FALSE
2024-04-09,San Antonio Spurs,Memphis Grizzlies,8:00p,FALSE
2024-04-09,Washington Wizards,Minnesota Timberwolves,8:00p,FALSE
2024-04-09,Sacramento Kings,Oklahoma City Thunder,8:00p,FALSE
2024-04-09,Denver Nuggets,Utah Jazz,9:00p,FALSE
2024-04-09,Golden State Warriors,Los Angeles Lakers,10:00p,FALSE
2024-04-09,Los Angeles Clippers,Phoenix Suns,10:00p,FALSE
2024-04-09,New Orleans Pelicans,Portland Trail Blazers,10:00p,FALSE
2024-04-10,Memphis Grizzlies,Cleveland Cavaliers,7:00p,FALSE
2024-04-10,Charlotte Hornets,Atlanta Hawks,7:30p,FALSE
2024-04-10,Toronto Raptors,Brooklyn Nets,7:30p,FALSE
2024-04-10,Dallas Mavericks,Miami Heat,7:30p,FALSE
2024-04-10,Orlando Magic,Milwaukee Bucks,8:00p,FALSE
2024-04-10,San Antonio Spurs,Oklahoma City Thunder,8:00p,FALSE
2024-04-10,Minnesota Timberwolves,Denver Nuggets,10:00p,FALSE
2024-04-10,Phoenix Suns,Los Angeles Clippers,10:30p,FALSE
2024-04-11,Chicago Bulls,Detroit Pistons,7:00p,FALSE
2024-04-11,New York Knicks,Boston Celtics,7:30p,FALSE
2024-04-11,Houston Rockets,Utah Jazz,9:00p,FALSE
2024-04-11,Golden State Warriors,Portland Trail Blazers,10:00p,FALSE
2024-04-11,New Orleans Pelicans,Sacramento Kings,10:00p,FALSE
2024-04-12,Orlando Magic,Philadelphia 76ers,7:00p,FALSE
2024-04-12,Chicago Bulls,Washington Wizards,7:00p,FALSE
2024-04-12,Charlotte Hornets,Boston Celtics,7:30p,FALSE
2024-04-12,Indiana Pacers,Cleveland Cavaliers,7:30p,FALSE
2024-04-12,Brooklyn Nets,New York Knicks,7:30p,FALSE
2024-04-12,Los Angeles Lakers,Memphis Grizzlies,8:00p,FALSE
2024-04-12,Toronto Raptors,Miami Heat,8:00p,FALSE
2024-04-12,Atlanta Hawks,Minnesota Timberwolves,8:00p,FALSE
2024-04-12,Milwaukee Bucks,Oklahoma City Thunder,8:00p,FALSE
2024-04-12,Denver Nuggets,San Antonio Spurs,8:00p,FALSE
2024-04-12,Detroit Pistons,Dallas Mavericks,8:30p,FALSE
2024-04-12,New Orleans Pelicans,Golden State Warriors,10:00p,FALSE
2024-04-12,Houston Rockets,Portland Trail Blazers,10:00p,FALSE
2024-04-12,Utah Jazz,Los Angeles Clippers,10:30p,FALSE
2024-04-12,Phoenix Suns,Sacramento Kings,10:30p,FALSE
2024-04-14,Washington Wizards,Boston Celtics,1:00p,FALSE
2024-04-14,Charlotte Hornets,Cleveland Cavaliers,1:00p,FALSE
2024-04-14,Atlanta Hawks,Indiana Pacers,1:00p,FALSE
2024-04-14,Toronto Raptors,Miami Heat,1:00p,FALSE
2024-04-14,Chicago Bulls,New York Knicks,1:00p,FALSE
2024-04-14,Milwaukee Bucks,Orlando Magic,1:00p,FALSE
2024-04-14,Brooklyn Nets,Philadelphia 76ers,1:00p,FALSE
2024-04-14,Utah Jazz,Golden State Warriors,3:30p,FALSE
2024-04-14,Houston Rockets,Los Angeles Clippers,3:30p,FALSE
2024-04-14,Denver Nuggets,Memphis Grizzlies,3:30p,FALSE
2024-04-14,Phoenix Suns,Minnesota Timberwolves,3:30p,FALSE
2024-04-14,Los Angeles Lakers,New Orleans Pelicans,3:30p,FALSE
2024-04-14,Dallas Mavericks,Oklahoma City Thunder,3:30p,FALSE
2024-04-14,Portland Trail Blazers,Sacramento Kings,3:30p,FALSE
2024-04-14,Detroit Pistons,San Antonio Spurs,3:30p,FALSE
